Common Name Used,Other common names and information,Latin name,kingdom,class,order,family,genius
Acadian flycatcher,,Empidonax virescens ,Animal,Bird,Passeriformes,Tyrannida,Empidonax
African fat-tailed gecko,,Hemitheconyx caudicinctus,,,,,
African giant rat,"Gambian Rat, Northern giant pouched rat",Cricetomys gambianus,Animal,Mammal,Rodentia,Nesomyidae,Cricetomys
African spurred tortoise,,"Geochelone sulcata, Testudo calcarata, Geochelone sulcata",,,,,
Alcidae ,"Murres, Auks, Puffins",,Animal,Bird,Charadriiformes,Alcidae,
Aldabra tortoise,Aldabrachelys gigantea,Geochelone gigantea,,,,,
American black bear,black bear,Ursus americanus,Animal,Mammal,Carnivora,Ursida,Ursus
American coot,"Mudhen, pouldeau",,Animal,Bird,Gruiformes,Rallidae,Fulica
American crow,North American Crow,Corvus brachyrhynchos,Animal,Bird,Passeriformes,Corvidae,Corvus
American goldfinch,,"Cardeulis tristis, Spinus tristis",Animal,Bird,Passeriformes,Fringillidae,Spinus
American kestrel,"Sparrow hawk, There is an American Sparrow hawk and a Eurasian Sparrowhawk that are very different species.  As far as I can tell the difference is in the space between sparrow and hawk.",Falco sparverius,Animal,Bird,Falconiformes,Falconidae,Falco
American mink,mink,Mustela vison ,Animal,Mammal,Carnivora,Mustelidae,Mustela
American pipit,"Buff-bellied pipit, There are multiple subspecies of this bird that all have the same species name.",Anthus rubescens,Animal,Bird,Passeriformes,Motacillidae,Anthus
American redstart,,Setophaga ruticilla,Animal,Bird,Passeriformes,Parulidae,Setophaga
American robin,,Turdus migratorius,Animal,Bird,Passeriformes,Turdidae,Turdus
American toad,,Bufo americanus,Animal,Amphibia,Anura,Bufonidae,Anaxyrus
American tree sparrow,Tree Sparrows are weird check the latin name since tree sparrow is often used to refer to Eurasian Sparrows,"Spizella arborea, Spizelloides arborea ",Animal,Bird,Passeriformes,Passerellidae,Spizelloides
American white ibis,white ibis,Eudocimus albus,Animal,Bird,Pelecaniformes,Threskiornithidae,Eudocimus
American wigeon,,"Anas americana, Mareca americana",Animal,Bird,Anseriformes,Anatidae,Mareca
Amethystine python,Scrub Python ,"Morelia amethistina, Simalia amethistina",,,,,
Anas penelope,"Common teal, Green winged teal",Anas crecca,,,,,
Ant,Ants are all part of the same family,,Animal,Insect,Hymenoptera,Formicidae,
Anthomyiidae,,Anthomyiidae,Animal,Insect,Diptera,Anthomyiidae,
Antechinus,,Antechinus stuartii,Animal,Mammal,Dasyuromorphia,Dasyuridae,Antechinus
Argentine black and white tegu,Argentine Giant Tegu,"Tupinambis merianae, Salvator merianae",,,,,
Ash-throated flycatcher,,Myiarchus cinerascens,Animal,Bird,Passeriformes,Tyrannidae,Myiarchus
Atlantic puffin,puffin,Fratercula arctica,Animal,Bird,Charadriiformes,Alcidae,Fratercula
Australian bush rat,bush rat,Rattus fuscipes,Animal,Mammal,Rodentia,Muridae,Rattus
Ball Pythonÿ,Royal Python,"Python regius, 	Boa regia",,,,,
Banded Mongoose,,Mungosÿmungo,,,,,
Band-tailed pigeon,,"Patagioenasÿfasciata , 	Columba fasciata",Animal,Bird,Columbiformes,Columbidae,Patagioenas
Bank vole,Common redbacked vole,Myodesÿglareolus,Animal,Mammal,Rodentia,Cricetidae,Myodes
Barbary Macaque,Barbary ape,"Macacaÿsylvanus, Inuus ecaudatus, Simia inuus, Simia pithecus, Pithecus pygmaeus",Animal,Mammal,Primates,Cercopithecidae,Macaca
Barn owl,Barn owl is a general term used for multiple species of owl of the same family,Tyto Alba,Animal,Bird,Strigiformes,Tytonidae,Tyto
Barn swallow,"common swallow, swallow",Hirundo rustica,Animal,Bird,Passeriformes,Hirundinidae,Hirundo
Barred Warblerÿ,,Sylvia nisoria,,,,,
Bar-tailed godwit,"Limosa limosa, Limosa lapponica",,Animal,Bird,Charadriiformes,Scolopacidae,Limosa
Bechstein's bat,Bechstein's Myotis,Myotis bechsteinii,Animal,Mammal,Chiroptera,Vespertilionidae,Myotis
Beetle,beetles are all par of the same order ,,,,,,
Belted kingfisher,,Megaceryle alcyon,Animal,Bird,Coraciiformes,Alcedinidae,Megaceryle
Bewick's wren,,Thryomanes bewickii,Animal,Bird,Passeriformes,Troglodytidae,Thryomanes
Bird,Birds are a class of animal,,,,,,
Black blow fly,,Calliphoridae Phormia regina,Animal,Insect,Diptera,Calliphoridae,Phormiaÿ
Black grouse,"Northern black grouse, Eurasian black grouse, blackgame, blackcock","Tetrao tetrix, Lyrurus tetrix",Animal,Bird,Galliformes,Phasianidae,Lyrurus
Black howler,"Black and gold howler, Paraguayan howler",Alouatta caraya,Animal,Mammal,Primates,Atelidae,Alouatta
Black kite,,Milvus migrans,Animal,Bird,Accipitriformes,Accipitridae,Milvus
Black phoebe,,Sayornis nigricans,Animal,Bird,Passeriformes,Tyrannidae,Sayornis
Black pythonÿ,Boelen's Python,"Morelia boeleni, Morelia boeleni, Python boeleni, Liasis boeleni",,,,,
Black redstart,,Phoenicurus ochruros,Animal,Bird,Passeriformes,Muscicapidae,Phoenicurus
Black rock skink,Black crevice skink,Egernia saxatilis,Animal,Reptile,Squamata,Scincidae,Egernia
Black swan,,Cygnus atratus,Animal,Bird,Anseriformes,Anatidae,Cygnus
Black vulture,"American black vulture, mexican vulture",Coragyps atratus,Animal,Bird,Accipitriformes,Cathartidae,Coragyps
Black-bellied swamp snake,"Swamp snake, Marsh snake","Hemiaspis signata, alecto signata",,,,,
Black- bellied whistling duck,,Dendrocygna autumnalis,Animal,Bird,Anseriformes,Anatidae,Dendrocygna
Black-billed magpie,"The Black-billed magpie has been seperated based on its location, so the US population is the American Magpie, and in europe it is the eurasian magpie.","Pica hudsonia for american, pica pica Eurasian",Animal,Bird,Passeriformes,Corvidae,Pica
Black-bellied swamp snake,,Hemiaspis signata,Animal,Reptile,Squamata,Elapidae,Hemiaspis
Black-browed albatross,,Thalassarche melanophris,Animal,Bird,Procellariiformes,Diomedeidae,Thalassarche
Black-capped chickadee,,"Parus atricapillus, Poecile atricapillus",Animal,Bird,Passeriformes,Paridae,Poecile
Black-crowned night heron ,"black capped night heron, night heron",Nycticoraxÿnycticoraxÿ,Animal,Bird,Pelecaniformes,Ardeida,Nycticorax
Black-headed grosbeak,,Pheucticus melanocephalus,Animal,Bird,Passeriformes,Cardinalidae,Pheucticus
Black-headed gull,Common black-headed gull,"Larus ribidundus, Chroicocephalus ridibundus, Larus ridibundus",Animal,Bird,Charadriiformes,Laridae,Chroicocephalus
Black-winged kite,Black shoulder kite,Elanus caeruleus,Animal,Bird,Accipitriformes,Accipitridae,Elanus
Blind snake,,Ramphotyphlops,Animal,Reptile,Squamata,Typhlopidae,Ramphotyphlops
Blood python,,Pythonÿcurtus,,,,,
Blotched blue-tongue lizard,,Tiliqua nigrolutea,Animal,Reptile,Squamata,Scincidae,Tiliqua
Blow fly,Blow fly family,Calliphoridae,Animal,Insect,Diptera,Calliphoridae,
Blue grosbeak,,Passerina caerulea ,Animal,Bird,Passeriformes,Cardinalidae,Passerina
Blue jay,,Cyanocittaÿcristata,,,,,
Blue tit,"Blue titmouse, Eurasian blue tit","Parus caeruleus, Cyanistes caeruleus",Animal,Bird,Passeriformes,Paridae,Cyanistes
Bluethroat,,Luscinia svecica,,,,,
Blue-winged teal ,,Anas discors,Animal,Bird,Anseriformes,Anatidae,Spatula
Bobcat,red lynx,Lynx rufus,Animal,Mammal,Carnivora,Felidae,Lynx
Boettcheria ,,Boettcheria ,Animal,Insect,Diptera,Sarcophagidae,Boettcheria
Bohemian waxwing,,Bombycilla garrulus,Animal,Bird,Passeriformes,Bombycillidae,Bombycilla
Bonelli's eagle,crestless hawk-eagle,"Hieraaetusÿfasciatus, Aquila fasciata ",Animal,Bird,Accipitriformes,Accipitridae,Aquila
Booted eagle,,Hieraaetus pennatus,Animal,Bird,Accipitriformes,Accipitridae,Hieraaetus
Boreal owl,Tengmalm's owl,Aegolius funereus,Animal,Bird,Strigiformes,Strigidae,Aegolius
Botanophila,genus,Botanophila,Animal,Insect,Diptera,Anthomyiidae,Botanophila
Brambling,,Fringilla montifringilla,Animal,Bird,Passeriformes,Fringillidae,Fringilla
Brandt's bat,Brandt's myotis,Myotis brandtii,Animal,Mammal,Chiroptera,Vespertilionidae,Myotis
Brant goose,Brent Goose,"Branta bernicla, Anas bernicla",,,,,
Brewer's blackbird,,Euphagus cyanocephalus,Animal,Bird,Passeriformes,Icteridae,Euphagus
Brewer's sparrow,,Spizella breweri,Animal,Bird,Passeriformes,Passerellidae,Spizella
Broad-billed sandpiper,,Limicola falcinellus,,,,,
Brown antechinus,"Stuart's antechinus, Macleay's marsupial mouse",Antechinus stuartii,Animal,Mammal,Dasyuromorphia,Dasyuridae,Antechinus
Brown creeper,,Certhia Americana,,,,,
Brown long-eared bat,brown big-eared bat,Plecotus auritus,Animal,Mammal,Chiroptera,Vespertilionidae,Plecotus
Brown pelican,,Pelecanus occidentalis,Animal,Bird,Pelecaniformes,Pelecanidae,Pelecanus
Brown rat,"Norway Rat, Common Rat, Sewer rat",Rattus norvegicus,Animal,Mammal,Rodentia,Muridae,Rattus
Brown thrasher,,,Animal,Bird,Passeriformes,Mimidae,Toxostoma
Brown-headed cowbird,,Molothrus ater,Animal,Bird,Passeriformes,Icteridae,Molothrus
Bucephala clangula,,Sylvia borin,,,,,
Bullock's oriole,"Was considered the same species as Baltimore Oriole for a period of time since they can interbreed and was caled the Northern Oriole, but they were later determined to be different.",Icterus bullockii,Animal,Bird,Passeriformes,Icteridae,Icterus
Burmese python,,"Python molurus bivittatus, Python molurus bivittatus",,,,,
Burrowing owl,Shoco,Athene cunicularia,Animal,Bird,Strigiformes,Strigidae,Athene
Bushtit,American bush tit,Psaltriparus minimus,Animal,Bird,Passeriformes,Aegithalidae,Psaltriparus
Bushy-tailed woodrat,,Neotoma cinerea,Animal,Mammal,Rodentia,Cricetidae,Neotoma
California deermouse,California mouse,Peromyscus californicus,Animal,Mammal,Rodentia,Cricetidae,Peromyscus
California ground squirrel,,"Spermophilus beecheyi, Otospermophilus beecheyi",Animal,Mammal,Rodentia,Sciuridae,Otospermophilus
California quail,,Callipepla californica,Animal,Bird,Galliformes,Odontophoridae,Callipepla
California thrasher,,Toxostoma redivivum,Animal,Bird,Passeriformes,Mimidae,Toxostoma
California towhee,,"Melozoneÿcrissalis, Pipilo crissalisÿ",Animal,Bird,Passeriformes,Passerellidae,Melozone
Calliphora,genus,Calliphora,Animal,Insect,Diptera,Calliphoridae,Calliphora
Calliphoridae,family,Calliphoridae,Animal,Insect,Diptera,Calliphoridae,
Callithrix,,"Callithrix, Chlorocebus",Animal,Mammal,Primates,Cercopithecidae,Chlorocebus
Camptops,genus,Camptops,Animal,Insect,Diptera,Sarcophagidae,Camptops
Campylocheta,genus,Campylocheta,Animal,Insect,Diptera,Tachinidae,Campylocheta
Canada goose,,Branta canadensis,Animal,Bird,Anseriformes,Anatidae,Branta
Canada lynx,"lynx, Canadian Lynx.  Lynx are also part of the same genus",Lynx canadensis,Animal,Mammal,Carnivora,Felidae,Lynx
Canary,Canaries as a whole are part of multiple different genera so I am labeling them as part of the same family.,Fringillidae,Animal,Bird,Passeriformes,Fringillidae,
Cane rat,,Thryonomys swinderianus ,Animal,Mammal,Rodentia,Cricetidae,Zygodontomys
Carrion crow,,Corvus corone,Animal,Bird,Passeriformes,Corvidae,Corvus
Cat,Domestic cats,Felis catus,Animal,Mammal,Carnivora,Felidae,Felis
Felinae,Family Cats,Felinae,,,,,
Cattle egret,Western Cattle Egret,Bubulcus ibis,Animal,Bird,Pelecaniformes,Ardeidae,Bubulcus
Cedar waxwing,,Bombycilla cedrorum,Animal,Bird,Passeriformes,Bombycillidae,Bombycilla
Central bearded dragon,,Pogonaÿvitticeps,,,,,
Chacma baboon,,Papio ursinus,Animal,Mammal,Primates,Cercopithecidae,Papio
Chaetopsis,genus fly,Chaetopsis,Animal,Insect,Diptera,Otitidae,Chaetopsis
Charadriiformes,Shorebirds,Charadriiformes,,,,,
Chinese stripe-necked turtle,,"Ocadia philippeni, Ocadia sinensis, Emys bennettii, Testudo anyangensis, Ocadia sinensis changwui",,,,,
Chipmunk,Chipmunks are part of the same Family,,Animal,Mammal,Rodentia,Sciuridae,
Chipping sparrow,,Spizella passerina,Animal,Bird,Passeriformes,Passerellidae,Spizella
Chrysagreco duodecimpunctata,,Chrysagreco duodecimpunctata,Animal,Insect,Coleoptera,Chrysomelidae,Crioceris
Cinereous vulture,"Black Vulture, monk vulture, Eurasian black vulture",Aegypiusÿmonachus,Animal,Bird,Accipitriformes,Accipitridae,Aegypius
Cinnamon teal,,"Spatula cyanoptera, Anas cyanoptera",Animal,Bird,Anseriformes,Anatidae,Spatula
Clark's grebe,,Aechmophorus clarkii,Animal,Bird,Podicipediformes,Podicipedidae,Aechmophorus
Cliff swallow,American cliff swallow,Petrochelidon pyrrhonota,Animal,Bird,Passeriformes,Hirundinidae,Petrochelidon
Cluster fly,,Calliphoridae Pollenia rudis,Animal,Insect,Diptera,Calliphoridae,Pollenia
Coal tit,,"Periparus ater, Periparus melanolophus, Parus ater",Animal,Bird,Passeriformes,Paridae,Periparus
Coastal carpet python,McDowell's Carpet Python,Morelia spilota mcdowelli,Animal,Reptile,Squamata,Pythonidae,Morelia
Cockroach,,Blattodea,Animal,Insect,Blattodea,,
Cocoi heron,,Ardea cocoi,Animal,Bird,Pelecaniformes,Ardeidae,Ardea
Collared flycatcher,,Ficedulaÿalbicollis,Animal,Bird,Passeriformes,Muscicapidae,Ficedula
Colombian red howler,venezuelan red howler,"Alouatta seniculus, Alouatta seniculus",Animal,Mammal,Primates,Atelidae,Alouatta
Common barn-owl,Barn owl is a general term used for multiple species of owl of the same family,Tyto Alba,Animal,Bird,Strigiformes,Tytonidae,Tyto
Common blackbird,"Eurasian blackbird, black bird",Turdus merula,Animal,Bird,Passeriformes,Turdidae,Turdus
Common brushtail possum,Common bushtail,Trichosurus vulpecula,Animal,Mammal,Diprotodontia,Phalangeridae,Trichosurus
Common buzzard,buzzard,Buteo buteo,Animal,Bird,Accipitriformes,Accipitridae,Buteo
Common chaffinch,chaffinch,Fringilla coelebs,Animal,Bird,Passeriformes,Fringillidae,Fringilla
Common chiffchaff,,Phylloscopus collybita,Animal,Bird,Passeriformes,Phylloscopidae,Phylloscopus
Common cuckoo,,Cuculus canorus,,,,,
Common eider,,"Somateria mollissima, Anas mollissima, Eider mollissimus",,,,,
Common goldeneyeÿ,,Bucephalaÿclangula,Animal,Bird,Anseriformes,Anatidae,Bucephala
Common grackle,grackle,Quiscalus quiscula,Animal,Bird,Passeriformes,Icteridae,Quiscalus
Common grasshopper warbler,,Locustella naevia,Animal,Bird,Passeriformes,Locustellidae,Locustella
Common greenshank,,Tringa nebularia,,,,,
Common ground dove,,Columbina passerina,Animal,Bird,Columbiformes,Columbidae,Columbina
Common gull,"Common gull, sea mew, Mew gull",Larus canus,Animal,Bird,Charadriiformes,Laridae,Larus
Common house martin,"house martin, northern house martin","Delichon urbica, Delichon urbicum",Animal,Bird,Passeriformes,Hirundinidae,Delichon
Common keelback,"Mair's keelback, keel-back",Tropidonophis mairii,Animal,Reptile,Squamata,Colubridae,Tropidonophis
Common kestrel,"kestrel, european kestrel, eurasian kestrel, old world kestrel",Falco tinnunculus,Animal,Bird,Falconiformes,Falconidae,Falco
Common kingfisher,"Eurasian kingfisher, river kingfisher, kingfisher",Alcedo atthis,Animal,Bird,Coraciiformes,Alcedinidae,Alcedo
Common kingsnake,Eastern Kingsnake,"Lampropeltis getulus, Lampropeltis getula",,,,,
Common linnet,,"Acanthis cannabina, Carduelis cannabina, Linaria cannabina",Animal,Bird,Passeriformes,Fringillidae,Linaria
Common loon,"Great northern loon, Great northern diver",Gavia immer,Animal,Bird,Gaviiformes,Gaviidae,Gavia
Common moorhen,"Waterhen, swamp chicken",Gallinula chloropus ,Animal,Bird,Gruiformes,Rallidae,Gallinula
Common murre,Common guillemot,Uria aalge,Animal,Bird,Charadriiformes,Alcidae,Uria
Common noctule,Noctuleÿ,Nyctalusÿnoctula,Animal,Mammal,Chiroptera,Vespertilionidae,Nyctalus
Common opossum,,Didelphisÿmarsupialis,,,,,
Common pheasant,Ring-necked Pheasant,Phasianus colchicus,Animal,Bird,Galliformes,Phasianidae,Phasianus
Common pipistrelle,Small House Bat,Pipistrellus pipistrellus,Animal,Mammal,Chiroptera,Vespertilionidae,Pipistrellus
Common raven,Northern Raven,corvus corax,Animal,Bird,Passeriformes,Corvidae,Corvus
Common redpoll,mealy redpoll,"Carduelis flammea, Acanthis flammea",Animal,Bird,Passeriformes,Fringillidae,Acanthis
Common redstart,redstart,Phoenicurus phoenicurus,Animal,Bird,Passeriformes,Muscicapidae,Phoenicurus
Common reed bunting,"Common reed-bunting, reed bunting",Emberiza schoeniclus,Animal,Bird,Passeriformes,Emberizidae,Emberiza
Common ringed plover,,Charadrius hiaticula,,,,,
Common rosefinch,scarlet rosefinch,"Carpodacus erythrinus,  Erythrina erythrina",Animal,Bird,Passeriformes,Fringillidae,Carpodacus
Common sandpiper,,"Actitis hypoleucos, Tringa hypoleucos ",,,,,
Common shelduck,,Tadorna tadorna,Animal,Bird,Anseriformes,Anatidae,Tadorna
Common shrew,Eurasian shrew,Sorex araneus,Animal,Mammal,Soricomorpha,Soricidae,Sorex
Common snipe,,Gallinago gallinago,,,,,
Common tern,,Sternaÿhirundo,Animal,Bird,Charadriiformes,Laridae,Sterna
Common water monitor,,Varanusÿsalvator,,,,,
Common whitethroat,Greater whitethroat,Sylvia communis,Animal,Bird,Passeriformes,Sylviidae,Sylvia
Common wood pigeon,"common woodpigeon, wood pigeon",Columba palumbus,Animal,Bird,Columbiformes,Columbinae,Columba
Common yellowthroat,,Geothlypisÿtrichas,Animal,Bird,Passeriformes,Parulidae,Geothlypis
Cormorant,Cormorants are also called shag and are all part of the same genus,Phalacrocorax spp.,Animal,Bird,Suliformes,Phalacrocoracidae,Phalacrocorax
Cougar,"Puma, Mountain lion",Puma concolor,Animal,Mammal,Carnivora,Felidae,Puma
Covus,"The genus that crows, rooks, and ravens are in",,,,,,
Cowbird ,Cowbird is a term for the genus,Molothrus,Animal,Bird,Passeriformes,Icteridae,Molothrus
Crane,Cranes have muliple genus but are part of the same family,Cocoi Heron,Animal,Bird,Gruiformes,Gruidae,Grus
Crested gecko,,Rhacodactylus ciliatus,,,,,
Cricetidae,A family of rodents,,Animal,Mammal,Rodentia,Cricetidae,
Crocodile monitor,"Papuan monitor, Salvadori's monitor",Varanus salvadorii,,,,,
Curlew sandpiper,,"Calidris ferruginea, Calidris cooperi",,,,,
Dark-eyed junco,,Junco hyemalis,Animal,Bird,Passeriformes,Passerellidae,Junco
Daubenton's bat,Daubenton's myotis,Myotis daubentonii,Animal,Mammal,Chiroptera,Vespertilionidae,Myotis
Deer mouse,North American Deermouse. Now seperated in to eastern and western  though was the same until recently.,Peromyscus maniculatus,Animal,Mammal,Rodentia,Cricetidae,Peromyscus
Diamond python,Carpet Python,Morelia spilota spilota,Animal,Reptile,Squamata,Pythonidae,Morelia
Double-crested cormorant,,"Nannopterum auritum, Phalacrocorax auritus",Animal,Bird,Suliformes,Phalacrocoracidae,Phalacrocorax
Douglas squirrel,"Douglas's squirrel, chickaree, pine squirrel",Tamiasciurus douglasii,Animal,Mammal,Rodentia,Sciuridae,Tamiasciurus
Downy woodpecker,,"Picoides pubescens, Dendrocopos pubescens",Animal,Bird,Piciformes,Picidae,Dryobates
Drymeia,genus,Drymeia,Animal,Insect,Diptera,Muscidae,Drymeia
Duck,"Ducks, shelducks, and geese are all part of the same family Anatidae so were classified as undefined.  Ducks are part of the same genus Anas., pochard, teal",,Animal,Bird,Anseriformes,Anatidae,Anas
Dunlinÿ,,Calidris alpina,,,,,
Dunnock,"Hedge accentor, hedge sparrow, hedge warbler",Prunella modularis,Animal,Bird,Passeriformes,Prunellidae,Prunella
Dusky warbler,,Phylloscopus fuscatus,,,,,
Eastern bearded dragon,"common bearded dragon, bearded lizard, coastal bearded dragon",Pogona barbata,Animal,Reptile,Squamata,Agamidae,Pogona
Eastern bluetongue,"Common bluetongue, blue tongue lizard, common blue tongue, Easter bluetongue, Northern blue tongue.",Tiliqua scincoides,Animal,Reptile,Squamata,Scincidae,Tiliqua
Eastern chipmunk,,Tamias striatus,Animal,Mammal,Rodentia,Sciuridae,Tamias
Eastern gray squirrel,grey squirrel,Sciurus carolinensis,Animal,Mammal,Rodentia,Sciuridae,Sciurus
Eastern imperial eagle,Asian imperial eagle,Aquila heliaca,Animal,Bird,Accipitriformes,Accipitridae,Aquila
Eastern screech-owl,Screech owl,"Otus asio, Megascops asio",Animal,Bird,Strigiformes,Strigidae,Megascops
Eastern tiger snake,,Notechis scutatus scutatus,Animal,Reptile,Squamata,Elapidae,Notechis
Eastern water dragon,"australian water dragon, Gippsland water dragon",Intellagamaÿlesueuriiÿ,Animal,Reptile,Squamata,Agamidae,Intellagama
Eastern wood pewee,,Contopus virens,Animal,Bird,Passeriformes,Tyrannidae,Contopus
Egle,genus,Egle,Animal,Insect,Diptera,Anthomyiidae,Egleÿ
Elegant tern,,Thalasseus elegans,Animal,Bird,Charadriiformes,Laridae,Thalasseus
Emydidae,family,Emydidae,,,,,
Empidonax,,Empidonax,Animal,Bird,Passeriformes,Tyrannidae,Empidonax
Ermine,"stoat, short-tailed weasel, Eurasian ermine, Beringian ermine",Mustela erminea,Animal,Mammal,Carnivora,Mustelidae,Mustela
Eurasian blackcap,blackcap,Sylvia atricapilla,Animal,Bird,Passeriformes,Sylviidae,Sylvia
Eurasian bullfinch,"Bullfinch, Common Bullfinch","Pyrhhula pyrhhula, Pyrrhula pyrrhula",Animal,Bird,Passeriformes,Fringillidae,Pyrrhula
Eurasian collared dove,Collared Dove,Streptopeliaÿdecaocto,Animal,Bird,Columbiformes,Columbidae,Streptopelia
Eurasian coot,"common coot, austrialian coot",Fulica atra,Animal,Bird,Gruiformes,Rallidae,Fulica
Eurasian eagle-owl,Eagle-Owl,"Bubo bubo, strix bubo",Animal,Bird,Strigiformes,Striginae,Bubo
Eurasian hobby,"Hobby, Northern Hobby",Falcoÿsubbuteo,Animal,Bird,Falconiformes,Falconidae,Falco
Eurasian jackdaw,"western jackdaw, European jackdaw,  jackdaw",Corvus monedula,Animal,Bird,Passeriformes,Corvidae,Coloeus
Eurasian jay,Jay,Garrulus glandarius,Animal,Bird,Passeriformes,Corvidae,Garrulus
Eurasian magpie,"Blackbilled magpie, common magpie, magpie",Pica pica,Animal,Bird,Passeriformes,Corvidae,Pica
Eurasian nuthatch,Wood nuthatch,Sitta europaea,Animal,Bird,Passeriformes,Sittidae,Sitta
Eurasian oystercatcher,oystercatcher,Haematopus ostralegus,Animal,Bird,Charadriiformes,Haematopodidae,Haematopus
Eurasian pigmy shrew,pygmy shrew,Sorex minutus,Animal,Mammal,Soricomorpha,Soricidae,Sorex
Eurasian red squirrel,red squirrel,Sciurus vulgaris ,Animal,Mammal,Rodentia,Sciuridae,Sciurus
Eurasian reed warbler,reed warbler,Acrocephalusÿscirpaceus,Animal,Bird,Passeriformes,Acrocephalidae,Acrocephalus
Eurasian scops owl,scoups owl,Otus scops,Animal,Bird,Strigiformes,Strigidae,Otus
Eurasian siskin,,"Carduelis spinus, Spinus spinus",Animal,Bird,Passeriformes,Fringillidae,Spinus
Eurasian skylark,Sky Lark,Alauda arvensis,,,,,
Eurasian sparrowhawk,"northern sparrowhawk, sparrowhawk",Accipiter nisus,Animal,Bird,Accipitriformes,Accipitridae,Accipiter
Eurasian teal,,Anas crecca,Animal,Bird,Anseriformes,Anatidae,Anas
Eurasian tree sparrow,"tree sparrow, german sparrow",Passer montanus,Animal,Bird,Passeriformes,Passeridae,Passer
Eurasian treecreeper,,Certhiaÿfamiliaris,,,,,
Eurasian wigeon,European wigeon,"Anas penelope, Mareca penelope",Animal,Bird,Anseriformes,Anatidae,Mareca
Eurasian woodcock,,"Scolopax rusticola, Scolopax rusticola rusticola",,,,,
Eurasian wryneck,Norther wryneck,Jynx torquilla,Animal,Bird,Piciformes,Picidae,Jynx
European adder,"European viper, Common Adder, Common viper",Vipera berus,Animal,Reptile,Squamata,Viperidae,Vipera
European badger,"Eurasian badger, badger",Meles meles,Animal,Mammal,Carnivora,Mustelidae,Meles
European goldfinch ,Eurasian Goldfinch,Carduelis carduelis,Animal,Bird,Passeriformes,Fringillidae,Carduelis
European green woodpecker,green woodpecker,Picus viridis,Animal,Bird,Piciformes,Picidae,Picus
European greenfinch,Green finch,"Carduelis chloris, Chloris chloris",Animal,Bird,Passeriformes,Fringillidae,Chloris
European honey buzzard,,Pernis apivorus,Animal,Bird,Accipitriformes,Accipitridae,Pernis
European nightjar,,Caprimulgus europaeus,,,,,
European pied flycatcher,Pied flycatcher,"Ficedula hypoleuca, Ficedula hypoleuca",Animal,Bird,Passeriformes,Muscicapidae,Ficedula
European polecat,"common polecat, black, forest, pole cat",Mustela putorius,Animal,Mammal,Carnivora,Mustelidae,Mustela
European robin,"robin, robin readbreast","Erithacus rubecula, Erithacus rubecula ",Animal,Bird,Passeriformes,Muscicapidae,Erithacus
European serin,serin,Serinus serinus,Animal,Bird,Passeriformes,Fringillidae,Serinus
European starling,"Common Starling, Starling",Sturnus vulgaris,Animal,Bird,Passeriformes,Sturnidae,Sturnus
European turtle dove,,Streptopelia turtur,Animal,Bird,Columbiformes,Columbidae,Streptopelia
Euxesta,genus,Euxesta,Animal,Insect,Diptera,Otitidae,Euxesta
Face fly,,Musca autumnalis ,Animal,Insect,Diptera,Muscidae,Musca
Fannia,,Fannia,Animal,Insect,Brachycera,Fanniidae,Fannia
Fieldfare,,Turdus pilaris,Animal,Bird,Passeriformes,Turdidae,Turdus
Finch,Finch is a disambiguous term for seed eating passerine birds and they do not have to be true finches.  Undefined,,Animal,Bird,Passeriformes,Fringillidae,
Fisher,Fisher cat,"Martesÿpennantiÿ, Pekania pennanti",Animal,Mammal,Carnivora,Mustelidae,Pekania
Flatback sea turtle,,"Natator depressus, Chelonia depressa, Natator tessellatus",,,,,
Flesh Fly,,Sarcophagidae,Animal,Insect,Diptera,Sarcophagidae,
Fly,The Order flies are in,Diptera,Animal,Insect,Diptera,,
Flying fox,Flying fox is a general term used to mention multiple different species of large fruit bats. Genus,,Animal,Mammal,Chiroptera,Pteropodidae,Pteropus
Forsten's tortoise,"East Indian Tortoise, travancore tortoise, Sulawesi tortoise",Indotestudo forstenii,,,,,
Fox sparrow,,Passerella iliaca,Animal,Bird,Passeriformes,Passerellidae,Passerella
Franklin's gull,,Leucophaeus pipixcan,Animal,Bird,Charadriiformes,Laridae,Leucophaeus
Frog,Frogs are part of the order anura,,Animal,Amphibia,Anura,,
Fulvous whistling duck,"Fulvous whistling-duck, fulvous tree duck",Dendrocygnaÿbicolorÿ,Animal,Bird,Anseriformes,Anatidae,Dendrocygna
Gadwall,,"Anas strepera, Mareca strepera",Animal,Bird,Anseriformes,Anatidae,Mareca
Gambel's quail,,Callipepla gambelii,Animal,Bird,Galliformes,Odontophoridae,Callipepla
Garden warbler,,Sylvia borin,Animal,Bird,Passeriformes,Sylviidae,Sylvia
Gastropod,class of animal includes snails and slugs.,Gastropoda,Animal,Gastropoda,,,
Geoffroy's bat,Geoffroy's Myotis,Myotisÿemarginatus,Animal,Mammal,Chiroptera,Vespertilionidae,Myotis
Giant Fulmar,"Giant Petrel, Southern Giant Petrel, Stinkpot",Macronectes giganteus,Animal,Bird,Procellariiformes,Procellariidae,Macronectes
Gila monster,,Heloderma suspectum,,,,,
Glaucous-winged gull,,Larus glaucescens,Animal,Bird,Charadriiformes,Laridae,Larus
Godwit,,Limosa,,,,,
Goldcrest,,Regulus regulus,,,,,
Golden eagle,,Aquila chrysaetos,Animal,Bird,Accipitriformes,Accipitridae,Aquila
Golden-crowned sparrow,,Zonotrichia atricapilla,Animal,Bird,Passeriformes,Passerellidae,Zonotrichia
Goose,family,,Animal,Bird,Anseriformes,Anatidae,
Grand Cayman Iguana,"Grand Cayman Ground Iguana, Grand Cayman Blue Iguana, Grand Cayman Rock Iguana, blue iguana",Cyclura lewisi,Animal,Reptile,Squamata,Iguanidae,Cyclura
Grass snake,European grass snake,Natrix natrix,Animal,Reptile,Squamata,Colubridae,Natrix
Gray catbird,,Dumetella carolinensis,,,,,
Gray Duck,Pacific Black Duck,Anas superciliosa,,,,,
Gray Long-eared Batÿ,,,,,,,
Great black-backed gull,,Larus marinus,Animal,Bird,Charadriiformes,Laridae,Larus
Great Blue Heron,,Ardea herodias,Animal,Bird,Pelecaniformes,Ardeidae,Ardea
Great cormorant,"Black Cormorant, Large Cormorant, Black Shag",Phalacrocorax carbo,Animal,Bird,Suliformes,Phalacrocoracidae,Phalacrocorax
Great grey shrike,Northern shrike,Lanius excubitor,Animal,Bird,Passeriformes,Laniidae,Lanius
Great horned owl,"tiger owl, hoot owl",Bubo virginianus,Animal,Bird,Strigiformes,Strigidae,Bubo
Great reed warbler,,Acrocephalus arundinaceus,Animal,Bird,Passeriformes,Acrocephalidae,Acrocephalus
Great spotted woodpeckerÿ,,Dendrocopos major,Animal,Bird,Piciformes,Picidae,Dendrocopos
Great-tailed grackle,Mexican Grackle,Quiscalus mexicanus,Animal,Bird,Passeriformes,Icteridae,Quiscalus
Great tit,Great titmouse,Parus Major,Animal,Bird,Passeriformes,Paridae,Parus
Greater white-fronted goose,,Anser albifrons,Animal,Bird,Anseriformes,Anatidae,Anser
Grebe,grebes are part of the same order,Podicepediformes,Animal,Bird,Podicipediformes,Podicipedidae,
Green basilisk,,Basiliscus plumifrons,,,,,
Green bottle fly,,Calliphoridae Lucilia illustris,Animal,Insect,Diptera,Calliphoridae,Lucilia
Green heron,,Butorides virescens,Animal,Bird,Pelecaniformes,Ardeidae,Butorides
Green Iguana,Common Green Iguana,Iguana iguana,,,,,
Green monkey,sabaeus monkey,Chlorocebus sabaeus,Animal,Mammal,Primates,Cercopithecidae,Chlorocebus
Green sandpiper ,,Tringa ochropus,,,,,
Green Tree Python,Southern Green Python,"Morelia viridis, Chondropython viridis, Python viridis, Chondropython azureus",,,,,
Green-winged teal,,"Anas carolinensis, Anas crecca carolinensis ",,,,,
Grey catbird,,Dumetella carolinensis,Animal,Bird,Passeriformes,Mimidae,Dumetella
Grey heron,gray heron,Ardea cinerea,Animal,Bird,Pelecaniformes,Ardeidae,Ardea
Grey long-eared bat,grey big eared bat,Plecotus austriacus,Animal,Mammal,Chiroptera,Vespertilionidae,Plecotus
Grey parrot,"African grey parrot, Congo grey perrot",Psittacus erithacus,,,,,
Grey partridge,"grey-legged partridge, English partridge, Hungarian partridge, hun",Perdix perdix,Animal,Bird,Galliformes,Phasianidae,Perdix
Grey plover ,Black-bellied Plover,Pluvialis squatarola,,,,,
Grey wagtail,,Motacilla cinerea,Animal,Bird,Passeriformes,Motacillidae,Motacilla
Grey-cheek thrush,,Catharus minimus,Animal,Bird,Passeriformes,Turdidae,Catharus
Grey-headed albatross,,"Diomedea chrysostoma, Thalassarche chrysostoma",Animal,Bird,Procellariiformes,Diomedeidae,Thalassarche
Greylag goose,,Anser anser,Animal,Bird,Anseriformes,Anatidae,Anser
Griffon vulture,,Gyps fulvus,Animal,Bird,Accipitriformes,Accipitridae,Gyps
Groundhog,woodchuck,Marmota monax ,Animal,Mammal,Rodentia,Sciuridae,Marmota
Grouse,"Grouse are from the same tribe, but for this they are from the same family",Phasianidae,Animal,Bird,Galliformes,Phasianidae,
Guinea baboon,,Papio papio,Animal,Mammal,Primates,Cercopithecidae,Papio
Gulls,Gulls are all part of the same family,Laridae,Animal,Bird,Charadriiformes,Laridae,
Hairy woodpecker ,,Picoides villosus,,,,,
Harris's sparrow,,Zonotrichiaÿquerula,,,,,
Hawfinch,,Coccothraustes coccothraustes,Animal,Bird,Passeriformes,Fringillidae,Coccothraustes
Hawk,There are many different types of hawks that are in the order Accipitriformes and hawks are spread across families.,Accipitriformes,,,,,
Heermann's gull ,,Larus heermanni,Animal,Bird,Charadriiformes,Laridae,Larus
Heermann's kangaroo rat,,Dipodomys heermani,Animal,Mammal,Rodentia,Heteromyidae,Dipodomys
Helina,,,Animal,Insect,Diptera,Muscidae,Helina
Hermit thrush,,Catharus guttatus,Animal,Bird,Passeriformes,Turdidae,Catharus
Heron,Herons are all part of the same family,Ardeidae,,,,,
Herring gull,There will be no differentiation between American and EuropeanÿHerring gulls.  Though assumptions can be made based on the study location it was not in most studies.,Larus argentatus,Animal,Bird,Charadriiformes,Laridae,Larus
Heteromyidae ,A family of rodents,Heteromyidae ,Animal,Mammal,Rodentia,Heteromyidae ,
Highland Copperhead,"Alpine copperhead, Ramsay's copperhead",Austrelaps ramsayi,Animal,Reptile,Squamata,Elapidae,Austrelaps
Hooded crow,"scald crow, hoodie.",Corvus cornix,Animal,Bird,Passeriformes,Corvidae,Corvus
Horned lark ,,Eremophila alpestris,Animal,Bird,Passeriformes,Alaudidae,Eremophila
House Crow,,Corvus splendens,,,,,
House finch,,"Haemorhous mexicanus, Carpodacus mexicanus",Animal,Bird,Passeriformes,Fringillidae,Haemorhous
House fly,,Musca domestica,Animal,Insect,Diptera,Muscidae,Musca
House mouse,,Mus musculus,Animal,Mammal,Rodentia,Muridae,Mus
House sparrow,"Domestic Sparrow, Common Sparrow, English sparrow",Passer domesticus,Animal,Bird,Passeriformes,Passeridae,Passer
House wren,,Troglodytes aedon,Animal,Bird,Passeriformes,Troglodytidae,Troglodytes
Hydrotaea,,Hydrotaea,Animal,Insect,Diptera,Muscidae,Hydrotaea
Icterine warbler,,Hippolais icterina,Animal,Bird,Passeriformes,Acrocephalidae,Hippolais
Inca dove,Mexican Dove,Scardafella inca,Animal,Bird,Columbiformes,Columbidae,Columbina
Indian Star Tortoise,,"Geochelone elegans, Testudo stellata, Testudo actinodes, Testudo megalopus ",,,,,
Indigo bunting,,Passerina cyanea,Animal,Bird,Passeriformes,Cardinalidae,Passerina
Jack snipe,,Lymnocryptes minimus,,,,,
Johnsonia,,Johnsonia,Animal,Insect,Diptera,Sarcophagidae,Johnsonia
Junco,Junco is a genus,Junco,Animal,Bird,Passeriformes,Passerellidae,Junco
Jungle crow,"eastern jungle crow, japanese jungle crow","Corvus levaillantii, Corvus levaillanitii japonensis",,,,,
Jurinia,,Jurinia,Animal,Insect,Diptera,Tachinidae,Jurinia
Kelp Gull,"Dominican gull, black-backed gull, southern black-backed gull, molly hawk",Larus dominicanus,Animal,Bird,Charadriiformes,Laridae,Larus
Koala,,Phascolarctos Cinereus,Animal,Mammal,Diprotodontia,Phascolarctidae,Phascolarctos
Lace monitor,,Varanus varius,Animal,Reptile,Squamata,Varanidae,Varanus
Ptarmigan,Genus,Lagopus,Animal,Bird,Galliformes,Phasianidae,Lagopus
Lark sparrow,,Chondestes grammacus,Animal,Bird,Passeriformes,Passerellidae,Chondestes
Lawrence's goldfinch,,"Carduelis lawrencei, Spinus lawrenceiÿ",Animal,Bird,Passeriformes,Fringillidae,Spinus
Lazuli bunting,,Passerina amoena,Animal,Bird,Passeriformes,Cardinalidae,Passerina
Least weasel,"little weasel, common weasel, weasel",Mustela nivalis,Animal,Mammal,Carnivora,Mustelidae,Mustela
Leopard gecko,,Eublepharis macularius,,,,,
Leopard tortoise,,"Testudo pardalis babcocki, Geochelone pardalis",,,,,
Lesser black-backed gull,,Larus fuscus,Animal,Bird,Charadriiformes,Laridae,Larus
Lesser kestrel,,Falco naumanni,Animal,Bird,Falconiformes,Falconidae,Falco
Lesser spotted woodpecker,,"Dendrocopos minor, Dryobates minor ",Animal,Bird,Piciformes,Picidae,Dryobates
Lesser whitethroat,,Sylvia curruca,Animal,Bird,Passeriformes,Sylviidae,Sylvia
Lesser yellow-legs,,"Totanus flavipea, Tringa flavipes",Animal,Bird,Charadriiformes,Scolopacidae,Tringa
Limnophora,,Limnophora,Animal,Insect,Diptera,Muscidae,Limnophora
Lincoln?s sparrow,,"Melospiza lincolnii, Fringilla lincolnii, Zonotrichia lincolniiÿ",Animal,Bird,Passeriformes,Passerellidae,Melospiza
Liopygia,genus,Liopygia,Animal,Insect,Diptera,Sarcophagidae,Liopygia
Liosarcophaga,genus,Liosarcophaga,Animal,Insect,Diptera,Sarcophagidae,Liosarcophaga
Lispoides aequifrons,,Lispoides aequifrons,Animal,Insect,Diptera,Muscidae,Lispoides
Little owl,"owl of Athena, owl of Minerva",Athene noctua ,Animal,Bird,Strigiformes,Strigidae,Athene
Little ringed plover,,Charadrius dubius,,,,,
Little stint,,Calidris minuta,,,,,
Loggerhead shrike,,,Animal,Bird,Passeriformes,Laniidae,Lanius
Long-eared owl,"northern long-eared owl, lesser horned owl, cat owl","Asioÿotus, Strix otus",Animal,Bird,Strigiformes,Strigidae,Asio
Long-tailed macaques,Crab-eating macaque,Macaca fascicularis,Animal,Mammal,Primates,Cercopithecidae,Macaca
Long-tailed tit,Long-tailed bushtit,Aegithalos caudatus,Animal,Bird,Passeriformes,Aegithalidae,Aegithalos
Long-tailed vole,"San Bernardino long-tailed vole, Coronation Island vole",Microtus longicaudus,Animal,Mammal,Rodentia,Cricetida,Microtus
Loon,Loons are part of the same genus ,Gavidae,Animal,Bird,Gaviiformes,Gaviidae,Gavia
Lorikeet,Lorikeets are in a sub-family or tribe of the family psittaculidae,Psittaculidae,,,,,
Lowland copperhead,"copperhead snake, copperhead",Austrelaps superbus,Animal,Reptile,Squamata,Elapidae,Austrelaps
Lowland paca,"Lappe, paca, spotted paca","Cuniculusÿpaca, 	Agouti paca",Animal,Mammal,Rodentia,Cuniculidae,Cuniculus
Mained duck,"Australian wood duck, maned goose",Chenonetta jubata,Animal,Bird,Anseriformes,Anatidae,Chenonetta
Mallard,Mallard duck,Anas platyrhynchos,Animal,Bird,Anseriformes,Anatidae,Anas
Mantled guereza,"Black and White Colobus, Eastern black and white colobus, Abyssinian black and white colobus",Colobus guereza,Animal,Mammal,Primates,Cercopithecidae,Colobus
Mantidophaga,,Mantidophaga,Animal,Insect,Diptera,Sarcophagidae,Mantidophaga
Marginated tortoiseÿ,,"Testudo marginata, Testudo campanulata , Testudo nemoralis , Testudo weissingeri, Testudo marginata sarda ",,,,,
Marsh tit,,Parus palustris,Animal,Bird,Passeriformes,Paridae,Poecile
Marsh warbler,,Acrocephalus palustris,Animal,Bird,Passeriformes,Acrocephalidae,Acrocephalus
Marten,Martens are part of the same genus,Martes,Animal,Mammal,Carnivora,Mustelidae,Martes
Meadow pipit,,Anthus pratensis,Animal,Bird,Passeriformes,Motacillidae,Anthus
Mecynocorpus,,Mecynocorpus,Animal,Insect,Diptera,Sarcophagidae,Mecynocorpus
Metoposarcophaga,,Metoposarcophaga,Animal,Insect,Diptera,Sarcophagidae,Metoposarcophaga
Meadow vole,"group may be different species Easter medow vole, western medow vole, florida salt marsh vole",Microtus pennsylvanicus,Animal,Mammal,Rodentia,Cricetidae,Microtus
Merlin,,Falco columbarius,Animal,Bird,Falconiformes,Falconidae,Falco
Microtus,the genus of voles,Microtus,Animal,Mammal,Rodentia,Cricetidae,Microtus
Microcerella,genus,Microcerella,Animal,Insect,Diptera,Sarcophagidae,Microcerella
Mistle thrush,,Turdus viscivorus,,,,,
Montagu's harrier,,Circus pygargus,Animal,Bird,Accipitriformes,Accipitridae,Circus
Monitor lizard,,albigularis ionidesi,,,,,
Morellia,genus,Morellia,Animal,Insect,Diptera,Muscidae,Morellia
Moth,,Lepidoptera,Animal,Insect,Lepidoptera,,
Mottled duck,,Anas fulvigula,Animal,Bird,Anseriformes,Anatidae,Anas
Mountain beaver,Sewellel,Aplodontia rufa,Animal,Mammal,Rodentia,Aplodontiidae,Aplodontia
Mountain bluebird,,Sialia currucoides,Animal,Bird,Passeriformes,Turdidae,Sialia
Mourning dove,"American mourning dove, rain dove, turtle dove, Carolina pigeon, Carolina turtle dove","Zenaida macroura, Columba macroura",Animal,Bird,Columbiformes,Columbidae,Zenaida
Mourning warbler,,Geothlypis philadelphia,,,,,
Mouse,Things wint the name mouse are all over the place  but are all in the same order besides marsupial mice,Rodentia,Animal,Mammal,Rodentia,,
Mouse eared bat,"Mouse-eared Myotis, Greater Myotis, Greater Mouse-eared Bat, Large Mouse-eared Bat",Myotis myotis,Animal,Mammal,Chiroptera,Vespertilionidae,Myotis
Muridae ,A family of rodents,,Animal,Mammal,Rodentia,Muridae ,
Muscidae,family,Muscidae,Animal,Insect,Diptera,Muscidae,
Muscina,genus,Muscina,Animal,Insect,Diptera,Muscidae,Muscina
Muskrat,"muskbeaver, common muskrat","Ondatrini zibethicus, Ondatra zibethicus",Animal,Mammal,Rodentia,Cricetidae,Ondatra
Mute swan,,Cygnus olor,Animal,Bird,Anseriformes,Anatidae,Cygnus
Myrtle warbler,Yellow-rumped Warbler,"Setophaga coronata coronata, Dendroica coronata hooveri , Setophaga coronata coronata, Dendroica coronata",Animal,Bird,Passeriformes,Parulidae,Setophaga
Nashville warbler,,Oreothlypisÿruficapilla,,,,,
Nathusius's Pipistrelle,,Pipistrellusÿnathusiiÿ,Animal,Mammal,Chiroptera,Vespertilionidae,Pipistrellus
Natterer's bat,Natterer's Myotis,Myotisÿnattereri,Animal,Mammal,Chiroptera,Vespertilionidae,Myotis
Neobellieria,genus,Neobellieria,Animal,Insect,Diptera,Sarcophagidae,Neobellieria
Neomyia cornicina,,Neomyia cornicina,Animal,Insect,Diptera,Muscidae,Neomyia
North american beaver,"American beaver, Canadian beaver",Castor canadensis ,Animal,Mammal,Rodentia,Castoridae,Castor
North american river otter,"northern river otter, river otter",Lontra canadensis,Animal,Mammal,Carnivora,Mustelidae,Lontra
Northern cardinal,"Cardinal, common or virginia cardinal","Cardinalis cardinalis, Richmondena cardinalis",Animal,Bird,Passeriformes,Cardinalidae,Cardinalis
Northern flicker,,Colaptes auratus,Animal,Bird,Piciformes,Picidae,Colaptes
Northern goshawk,goshawk,Accipiter gentilis,Animal,Bird,Accipitriformes,Accipitridae,Accipiter
Northern grasshopper mouse,,Onychomys leucogaster,Animal,Mammal,Rodentia,Cricetidae,Onychomys
Northern harrier,Hen harrier,Circus cyaneus,Animal,Bird,Accipitriformes,Accipitridae,Circus
Northern hawk owl,"Hawk owl, northern-hawk owl",Surnia ulula,Animal,Bird,Strigiformes,Strigidae,Surnia
Northern lapwing,Lapwing,Vanellus vanellus,Animal,Bird,Charadriiformes,Charadriidae,Vanellus
Northern mockingbird,,Mimus polyglottos,Animal,Bird,Passeriformes,Mimidae,Mimus
Northern pintail,pintail,Anas acuta,Animal,Bird,Anseriformes,Anatidae,Anas
Northern rough-winged swallow,,Stelgidopteryx serripennis,Animal,Bird,Passeriformes,Hirundinidae,Stelgidopteryx
Northern shovler,,"Anas clypeata, Spatula clypeata",Animal,Bird,Anseriformes,Anatidae,Spatula
Northern wheatear,wheatear,Oenanthe oenanthe,Animal,Bird,Passeriformes,Muscicapidae,Oenanthe
Northern waterthrush,,Parkesia noveboracensis,Animal,Bird,Passeriformes,Parulidae,Parkesia
Nuttall?s woodpecker,,"Picoides nuttallii, Dryobates nuttallii",Animal,Bird,Piciformes,Picidae,Dryobates
Oak titmouse,Was split efrom plain titmouse into oak and juniper titmouse,Baeolophus inornatus,Animal,Bird,Passeriformes,Paridae,Baeolophus
Orange crowned warbler,,"Oreothlypi scelata, Vermivora celata, Leiothlypis celata",Animal,Bird,Passeriformes,Parulidae,Leiothlypis
Orange-crowned Warbler,,Oreothlypis celata,,,,,
Orange-winged amazon,,Amazonaÿamazonica,Animal,Bird,Psittaciformes,Psittacidae,Amazona
Ord's kangaroo rat ,,Dipodomys ordii,Animal,Mammal,Rodentia,Heteromyidae,Dipodomys
Ortolan bunting,,Emberiza hortulana,,,,,
Osprey,,Pandion haliaetus,Animal,Bird,Accipitriformes,Pandionidae,Pandion
Ovenbird,,"Seiurus aurocapillus, Seiurus aurocapilla ",Animal,Bird,Passeriformes,Parulidae,Seiurus
Oystercatcher,Oystercatchers are part of the same genus,,Animal,Bird,Charadriiformes,Haematopodidae,Haematopus
Oxysarcodexia,genus,Oxysarcodexia,Animal,Insect,Diptera,Sarcophagidae,Oxysarcodexia
Pacific-slope flycatcher,Western flycatcher,Empidonax difficilis,Animal,Bird,Passeriformes,Tyrannidae,Empidonax
Pallas's leaf warblerÿ,,Phylloscopus proregulus,,,,,
Pallas's squirrel,red-bellied tree squirrel,Callosciurus erythraeus,Animal,Mammal,Rodentia,Sciuridae,Callosciurus
Palm Warbler,Western palm warbler,"Dendroica palmarum palmarum, Setophaga palmarum",Animal,Bird,Passeriformes,Parulidae,Setophaga
Panther chameleon,,Furcifer pardalis,,,,,
Parrot (Order),Parrots are part of the same order,Psittaciformes,Animal,Bird,Psittaciformes,,
Passerine,for the order Passeriformies,,,,,,
Paraphrissopoda,Paraphryssopoda,Paraphrissopoda,Animal,Insect,Diptera,Sarcophagidae,Paraphrissopoda
Peregrine falcon,"peregrine, duck hawk",Falco peregrinus,Animal,Bird,Falconiformes,Falconidae,Falco
Pentacricia aldrichii,,Pentacricia aldrichii,Animal,Insect,Diptera,Muscidae,Pentacricia
Peromyscus,genus,Peromyscus,,,,,
Phalangeriformes,,,Animal,Mammal,Diprotodontia,,
Phaenicia,genus,Animal,Insect,Diptera,Calliphoridae,Phaenicia,
Philippine sailfin lizard,,Hydrosaurus pustulatus,,,,,
Pied stilt,,"Himantopus himantopus, Himantopus leucocephalus",Animal,Bird,Charadriiformes,Recurvirostridae,Himantopus
Pied wagtail,,Motacilla alba yarrellii,Animal,Bird,Passeriformes,Motacillidae,Motacilla
Pigeon,"Rock Dove, Rock Pigeon, Common Pigeon",Columba livia,Animal,Bird,Columbiformes,Columbidae,Columba
Pink-tongued lizard,"Hemisphaeriodon gerradi, 	Pink-tongued Skink","Cyclodomorphus gerrardii, Hemisphaeriodon gerrardii ",Animal,Reptile,Squamata,Scincidae,Cyclodomorphus
Pond Bat,,Myotis dasycneme,Animal,Mammal,Chiroptera,Vespertilionidae,Myotis
Polietes,genus,Polietes,Animal,Insect,Diptera,Muscidae,Polietes
Potamia,,Potamia,Animal,Insect,Diptera,Muscidae,Potamia
Porcupine,"common porcupine, North American porcupine, Canadian porcupine","Erethizon dorsatum, Erethizon dorsatus",Animal,Mammal,Rodentia,Erethizontidae,Erethizon
Possum,The Australia and surrounding areas version of an Opossum that are of the suborder phalangeriformes,,Animal,Mammal,Diprotodontia,,
Protocalliphora,,Protocalliphora,Animal,Insect,Diptera,Calliphoridae,Protocalliphora
Purple finch,,"Haemorhous purpueu, Carpodacus purpureus",Animal,Bird,Passeriformes,Fringillidae,Haemorhous
Pukeko,swamphen,Porphyrio porphyrio melanotus,Animal,Bird,Gruiformes,Rallidae,Porphyrio
Ptilodexia,genus,Ptilodexia,Animal,Insect,Diptera,Tachinidae,Ptilodexia
Pygmy spiny-tailed skink,,Egernia depressa,,,,,
Raccoon,Raccoon is assumed to mention Procyon lotor since it si the more well known version and common in America,Procyon lotor,Animal,Mammal,Carnivora,Procyonidae,Procyon
Radiated tortoise,,"Geochelone radiata, Astrochelys radiata, Testudo radiata, Testudo coui, Testudo desertorum,	Testudo hypselonota",,,,,
Rainbow boa,,"Epicrates cenchria, Epicrates cenchria cenchria, Epicrates cenchria gaigei, Epicrates cenchria hygrophilus, Epicrates cenchria polylepis",,,,,
Rat,"Rats and mice labeled as undefined because the terms for mice and rats refers to animals in many different families, that are in the same order",Rattus,Animal,Mammalia,Rodentia,Muridae,Rattus
Ravinia,genus,Ravinia,Animal,Insect,Diptera,Sarcophagidae,Ravinia
Red colobus,,"Procolobus rufomitratus, Piliocolobus rufomitratus ",Animal,Mammal,Primates,Cercopithecidae,Piliocolobus
Red crossbill,Common crossbill,Loxia curvirostra,Animal,Bird,Passeriformes,Fringillidae,Loxia
Red kite,,Milvus milvus,Animal,Bird,Accipitriformes,Accipitridae,Milvus
Red knot,Knot,Calidris canutus,Animal,Bird,Charadriiformes,Scolopacidae,Calidris
Red-rumped agouti,"brazilian agouti, golden-rumped agouti, orange rumped agouti.",Dasyprocta leporina,Animal,Mammal,Rodentia,Dasyproctidae,Dasyprocta
Red tailed flesh fly,,"Bercaea haemorrhoidalis, Sarcophaga pernix, Sarcophaga hermorrhoidalis, Musca maemorrhoidalis, Sarcophaga cruentata",Animal,Insect,Diptera,Sarcophagidae,Bercaea
Red tree vole,Reddish tree mouse,"Arborimus longicaudus, Arborimus longicaudus",Animal,Mammal,Rodentia,Cricetidae,Arborimus
Red worm lizard,,Amphisbacua alba,Animal,Reptile,Squamata,Amphisbaenidae,Amphisbaena
Red-backed shrike ,,Lanius collurio,,,,,
Red-bellied woodpecker,,"Centurus carolinus, Melanerpes carolinus",Animal,Bird,Piciformes,Picidae,Melanerpes
Red-bellied black snake,,Pseudechis porphyriacus,Animal,Reptile,Squamata,Elapidae,Pseudechis
Red-billed gull,mackerel gull,"Larus novaehollandiae, Chroicocephalus scopulinus, Larus scopulinus, Chroicocephalus novaehollandiae scopulinus",Animal,Bird,Charadriiformes,Laridae,Chroicocephalus
Red-breasted flycatcherÿ,,Ficedula parva,,,,,
Red-eared slider ,,"Trachemys scripta elegans, Chrysemys scripta elegans, Emys elegans, Pseudemys scripta elegans, Emys holbrookii, Emys sanguinolenta, Trachemys lineata ",,,,,
Red-footed tortoise,"Geochelone carbonaria, Testudo boiei, Testudo hercules truncata","Chelonoidis carbonaria, Geochelone carbonaria",,,,,
Redhead,,Aythya americana,Animal,Bird,Anseriformes,Anatidae,Aythya
Red-legged Partridge,French partidge,Alectoris rufa,Animal,Bird,Galliformes,Phasianidae,Alectoris
Red-tailed guenon,"Red-tailed Monkey, 	Black-cheeked White-nosed Monkey ",Cercopithecus ascanius,Animal,Mammal,Primates,Cercopithecidae,Cercopithecus
Red-tailed hawk,,Buteoÿjamaicensis,Animal,Bird,Accipitriformes,Accipitridae,Buteo
Redwing,,Turdus iliacus,Animal,Bird,Passeriformes,Turdidae,Turdus
Red-winged blackbird,,Agelaius phoeniceus,Animal,Bird,Passeriformes,Icteridae,Agelaius
Reticulated python,,"Python reticulatus, Boa reticulata",,,,,
Ring ouzel,,Turdus torquatus,,,,,
Ring-billed gull,,Larus delawarensis ,Animal,Bird,Charadriiformes,Laridae,Larus
Ring-necked duckÿ,,Aythya collaris,Animal,Bird,Anseriformes,Anatidae,Aythya
Rock monitor,,Varanus albigularis,,,,,
Rodent,Rodents are of the same order,,,,,,
Robineauella,"genus, Robineavella",Robineauella,Animal,Insect,Diptera,Sarcophaginae,Robineauella
Rook,,Corvus frugilegus,Animal,Bird,Passeriformes,Corvidae,Corvus
Rough-winged swallow,genus,Stelgidopteryx,Animal,Bird,Passeriformes,Hirundinidae,Stelgidopteryx
Rose-breasted grosbeak,,Pheucticus ludovicianus,,,,,
Ruby-crowned kingletÿ,,Regulus calendula,Animal,Bird,Passeriformes,Regulidae,Regulus
Ruby-throated hummingbird,,Archilochus colubris,Animal,Bird,Apodiformes,Trochilidae,Archilochus
Ruddy duck,,Oxyuraÿjamaicensis,Animal,Bird,Anseriformes,Anatidae,Oxyura
Ruddy Turnstone,,Arenaria interpres,,,,,
Ruff,,Philomachus pugnax,,,,,
Ruffed grouse,,Bonasa umbellus,Animal,Bird,Galliformes,Phasianidae,Bonasa
Sacred ibis,African Sacred Ibis.  In Awad-alla this was labled as Nipponia nippon which is a japanese bird so I am assuming that it is the African Sacred ibis.,Threskiornisÿaethiopicus,Animal,Bird,Pelecaniformes,Threskiornithidae,Threskiornis
Sage thrasher,,Oreoscoptes montanus,Animal,Bird,Passeriformes,Mimidae,Oreoscoptes
Sand martin,"bank swallow, collared sand martin, common sand martin",Riparia riparia,Animal,Mammal,Passeriformes,Hirundinidae,Riparia
Sanderlingÿ,,Calidrisÿalba,,,,,
Sandhill crane,,Grus canadensis tabida,,,,,
Sandpiper,,Scolopacidae,,,,,
Savanna side-necked turtle,,Podocnemis vogli,,,,,
Savannah monitor,,Varanus exanthematicus,,,,,
Savannah sparrow,,Passerculus sandwichensis,Animal,Bird,Passeriformes,Passerellidae,Passerculus
Savi's warbler,,Locustella luscinioides,Animal,Bird,Passeriformes,Locustellidae,Locustella
Scarlet macawÿ,,Ara macao,Animal,Bird,Psittaciformes,Psittacinae,Ara
Sedge warbler,,Acrocephalus schoenobaenus,Animal,Bird,Passeriformes,Acrocephalidae,Acrocephalus
Serotine,"Common serotine, Eurasian Serotine, Big Brown Bat, Silky Bat",Eptesicus serotinus,Animal,Mammal,Chiroptera,Vespertilionidae,Eptesicus
Seioptera,genus,Seioptera,Animal,Insect,Diptera,Otitinae,Seioptera
Sharp-shinned hawk,"Some consider white breasted hawk (chionogaster), plain-breasted hawk (Ventralis, and rufous thighed hawk (erythronemius) separate",Accipiter striatus,Animal,Bird,Accipitriformes,Accipitridae,Accipiter
Sheathbill,This is a family of birds.,Chionidae,Animal,Bird,Charadriiformes,Chionidae,
Shelduck,Assuming genus Tadorna since all species of shellducks except one are in this genus.,Tadorna,Animal,Bird,Anseriformes,Anatidae,Tadnrna
Shingleback lizard,bobtail lizard,Tiliqua rugosa,Animal,Reptile,Squamata,Scincidae,Tiliqua
Shiny blue bottle fly,, Cynomya cadaverina,Animal,Insect,Diptera,Calliphoridae,Cynomya
Shorebird,,Charadriiformes,,,,,
Short-eared owl,,"Asio flammeus, Strix flammea",Animal,Bird,Strigiformes,Strigidae,Asio
Short-tailed shrew,"mole shrew, Northern Short tailed shrew",Blarina brevicauda ,Animal,Mammal,Soricomorpha,Soricidae,Blarina
Short-toed snake eagle,Short toed eagle,Circaetus gallicus,Animal,Bird,Accipitriformes,Accipitridae,Circaetus
Skua,"Skua, There are multiple species of skua that are all part of the same genus.",,Animal,Bird,Charadriiformes,Stercorariidae,Stercorarius
Slow worm,,Anguis fragilis,Animal,Reptile,Squamata,Anguidae,Anguis
Slug,slugs are part of the same family,,,Animal,Gastropoda,,
Snow goose,Blue goose,"Anser caerulescens, Anser hyperboreus, Chen caerulescens",Animal,Bird,Anseriformes,Anatidae,Anser
Snowy egret,,Egretta thula,Animal,Bird,Pelecaniformes,Ardeidae,Egretta
Solomon Island Skink,,Corucia zebrata,,,,,
Song sparrow,,Melospiza melodia,Animal,Bird,Passeriformes,Passerellidae,Melospiza
Song thrush,,"Turdus philornelos, Turdus philomelos",,,,,
Sooty shearwater,,"Puffinusÿgriseus, Ardenna grisea",Animal,Bird,Procellariiformes,Procellariidae,Puffinus
Soricidae,Shrew Family,Soricidae,,,,,
Sarcophagula ,genus,Sarcophagula ,Animal,Insect,Diptera,Sarcophagidae,Sarcophagula
Sarothromyia,genus,Sarothromyia,Animal,Insect,Diptera,Sarcophagidae,Sarothromyia
Southern flying squirrel,assapan,"Glaucomys volans, Mus volans",Animal,Mammal,Rodentia,Sciuridae,Glaucomys
Southern red-backed vole,"boreal red-backed vole, Gapper's red-backed vole",Myodes gapperi,Animal,Mammal,Rodentia,Cricetidae,Myodes
Spider,spiders are of the order ,Araneae,Animal,Euchelicerata,Araneae,,
Spider Tortoise,Common Spider Tortoise,Pyxis arachnoides,,,,,
Spotted crake,,Porzana porzana,Animal,Bird,Gruiformes,Rallidae,Porzana
Spotted flycatcherÿ,,Muscicapa striata,Animal,Bird,Passeriformes,Muscicapidae,Muscicapa
Spotted sandpiper,,Actitis macularius,Animal,Bird,Charadriiformes,Scolopacidae,Actitis
Spotted towhee,,Pipiloÿmaculatus,Animal,Bird,Passeriformes,Passerellidae,Pipilo
Spur-thighed tortoise,Moorish Tortoise,Testudo graeca,,,,,
Squirrel,Squirrels are all part of the same family Sciuridae,Sciuridae,Mammal,Rodentia,Sciuridae,,
Stable  fly,Stomoxys calcitrans ,,Animal,Insect,Diptera,Muscidae,Stomoxys
Striped skunk,,Mephitis mephitis ,Animal,Mammal,Carnivora,Mephitidae,Mephitis
Sudan plated lizard,,Gerrhosaurus major,,,,,
Surf scoter,,Melanittaÿperspicillata,Animal,Bird,Anseriformes,Anatidae,Melanitta
Swainson's hawk ,,Buteo swainsoni,Animal,Bird,Accipitriformes,Accipitridae,Buteo
Swainson's thrush,,Catharus ustulatus,Animal,Bird,Passeriformes,Turdidae,Catharus
Swamp skink,"Eastern mourning skink, coventry's spinytail skink","Lissolepis coventryi, Egernia coventryi",Animal,Reptile,Squamata,Scincidae,Lissolepis
Swamp sparrow,,Melospiza georgiana,,,,,
Sthenopyga,genus,,Animal,Insect,Diptera,Sarcophaginae,Sthenopyga
Swamp wallaby,"black wallaby, black-tailed wallaby, fern wallaby, black pademelon, stinker",Wallabia bicolor,Animal,Mammal,Diprotodontia,Macropodidae,Wallabia
Swan,Genus,Cygnus,,,,,
Synthesiomyia nudiseta,,Synthesiomyia nudiseta,Animal,Insect,Diptera,Muscidae,Synthesiomyia
Tawny owl ,,Strix aluco,Animal,Bird,Strigiformes,Strigidae,Strix
Temminck's stint,,Calidris temminckii,,,,,
Three-lined knob-tailed geck,"smooth knob-tailed gecko, common knob-tailed gecko",Nephrurus levis,,,,,
Thrush nightingale,,Luscinia luscinia,,,,,
Thricops,,Thricops,Animal,Insect,Diptera,Muscidae,Thricops
Tit,Tit or titmouse is a fmily of birds,paridae,Animal,Bird,Passeriformes,Paridae,
Toucan,Genus,Ramphastos,,,,,
Townsend's chipmunk,,"Neotamias townsendii, Tamias townsendii ",Animal,Mammal,Rodentia,Sciuridae,Tamias
Syrphidae,family,Syrphidae,Animal,Insect,Diptera,Syrphidae,
Tokay geckos ,,Gekko gecko,Animal,Reptile,Squamata,Gekkonidae,Gekko
Townsend's Vole,,Microtus townsendii,Animal,Bird,Rodentia,Cricetidae,Microtus
Townsend's warbler,,Setophaga townsendi,Animal,Bird,Passeriformes,Parulidae,Setophaga
Trail's flycatcher,This bird has been split in to the alder flycatcher and the Willow flycatcher,"Empidonax alnorum, Empidonax traillii ",,,,,
Tree pipit,Brown Tree-Pipit ,Anthus trivialis,Animal,Bird,Passeriformes,Motacillidae,Anthus
Tree swallow,,Tachycineta bicolor,Animal,Bird,Passeriformes,Hirundinidae,Tachycineta
Trowbridge's shrewÿ,,Sorex trowbridgii,Animal,Mammal,Soricomorpha,Soricidae,Sorex
True Finch,,Fringillidae,,,,,
Tufted duck,,Aythya fuligula,Animal,Bird,Anseriformes,Anatidae,Aythya
Tundra swan,Whistling Swan,Cygnus columbianus,Animal,Bird,Anseriformes,Anatidae,Cygnus
Turkey vulture,buzzard,Cathartes aura,Animal,Bird,Accipitriformes,Cathartidae,Cathartes
Twite,,Carduelis flavirostris,,,,,
Ural owl,,Strix uralensis,,,,,
Uromastyx,Genus,Uromastyx,,,,,
Vagrant shrew,wandering shrew,Sorex vagrans,Animal,Mammal,Soricomorpha,Soricidae,Sorex
Veiled chameleon,"Cone-headed Chameleon, Yemen Chameleon",Chamaeleo calyptratus,,,,,
Vesper sparrow,,Pooecetes gramineus,Animal,Bird,Passeriformes,Passerellidae,Pooecetes
Virginia opossum,"Opossum, Only possum north of mexico.",Didelphisÿvirginiana,Animal,Mammal,Didelphimorphia,Didelphidae,Didelphis
Virginia rail,,Rallusÿlimicola,Animal,Bird,Gruiformes,Rallidae,Rallus
Wallaby,Wallaby?s are in the same genus/family as kangaroos but wallaby can also be used colloquially to refer to anything that looks similar to a kangaroo but is smaller than an normal kangaroo.,,Animal,Mammal,Diprotodontia,Macropodidae,
Warbler,Warblers are part of many different families so I am saying that they are under that same order,,Animal,Bird,Passeriformes,,
Warbling vireo,,Vireo gilvus,Animal,Bird,Passeriformes,Vireonidae,Vireo
Warm-temperature water skink,"heatwole's water skink, yellow -bellied water skink",Eulamprus heatwolei,Animal,Reptile,Squamata,Scincidae,Eulamprus
Water rail,,Rallus aquaticus,Animal,Bird,Gruiformes,Rallidae,Rallus
Western Chmpanzee,Chmpanzee,Pan troglodytes verus,Animal,Mammal,Primates,Hominidae,Pan
Western grebe,,ÿAechmophorus occidentalis,Animal,Bird,Podicipedidae,Aechmophorus,Aechmophoru
Western gull,was associated with the yellow legged gull at one time,Larusÿoccidentalis,Animal,Bird,Charadriiformes,Laridae,Larus
Western kingbird,,Tyrannus verticalis,Animal,Bird,Passeriformes,Tyrannidae,Tyrannus
Western marsh harrier,"Eurasian marsh harrier, marsh harrier",Circus aeruginosus,Animal,Bird,Accipitriformes,Accipitridae,Circus
Western screech owl,,"Megascops kennicottii, Otus kennicotti, Scops kennicottii",Animal,Bird,Strigidae,Striginae,Megascops
Western spotted skunk,,Spilogale gracilis,Animal,Mammal,Carnivora,Mephitidae,Spilogale
Western scrub jay,has some weirdness about it ITIS says that it this fine wheile wiki splits it into multiple.  California scrub jay.,Aphelocoma californica,Animal,Bird,Passeriformes,Corvidae,Aphelocoma
Western yellow wagtail,yellow wagtail,Motacilla flava,Animal,Bird,Passeriformes,Motacillidae,Motacilla
Whinchat,,Saxicola rubetra,Animal,Bird,Passeriformes,Muscicapidae,Saxicola
Whiskered Bat,"Whiskered Myotis, Common Whiskered Bat",Myotis mystacinus,Animal,Mammal,Chiroptera,Vespertilionidae,Myotis
White-crowned snake,White naped snake,Cacophis harriettae,Animal,Reptile,Squamata,Elapidae,Cacophis
White ibis,Awad probably mis identified this bird as the crested ibis.  I am guessing that it is the the Sacred ibis,Threskiornis aethiopicus,,,,,
White-lipped snake,,"Elapognathus coronoides, Drysdalia coronoides, Hoplocephalus coronoides ",Animal,Reptile,Squamata,Elapidae,Drysdalia
White wagtail ,,Motacilla alba,,,,,
White-crowned sparrow,,Zonotrichia leucophrys,Animal,Bird,Passeriformes,Passerellidae,Zonotrichia
White-breasted nuthatch,,Sitta carolinensis,Animal,Bird,Passeriformes,Sittidae,Sitta
White-throated sparrow,"White throated warbler, I think that this may have been misidentified since I can't find reference to it in any taxonomic database.",Zonotrichia albicollis,Animal,Bird,Passeriformes,Passerellidae,Zonotrichia
White-throated toucan,,Ramphastos toucanas,Animal,Bird,Piciformes,Ramphastidae,Ramphastos
White-winged dove,,Zenaida asiatica,Animal,Bird,Columbiformes,Columbidae,Zenaida
Wigeon,"Widgeon, are in the same family as ducks.",,Animal,Bird,Anseriformes,Anatidae,
Wild turkey,,Meleagris gallopavo,Animal,Bird,Galliformes,Phasianidae,Meleagris
Willow flycatcher,,Empidonax traillii,Animal,Bird,Passeriformes,Tyrannidae,Empidonax
Willow tit,,"Poecile montanus, Poecile montana, Pants monianus",Animal,Bird,Passeriformes,Paridae,Poecile
Willow warbler,,Phylloscopus trochilus,Animal,Bird,Passeriformes,Phylloscopidae,Phylloscopus
Wilson's warbler,,Cardellina pusilla,Animal,Bird,Passeriformes,Parulidae,Cardellina
Wood duck,Carolina Duck,Cygnus columbianus,,,,,
Wood mouse,"field mouse, long tailed field mouse, European wood mouse",Apodemus sylvaticus,Animal,Mammal,Rodentia,Muridae,Apodemus
Wood pewee,Has been split in to the Eastern wood pewee and Western wood pewee,Contopus,Animal,Bird,Passeriformes,Tyrannidae,Contopus
Wood sandpiper,,Tringa glareola,,,,,
Wood warbler,,Phylloscopus sibilatrix,,,,,
Woodland jumping mouse,,Napaeozapus insignis,Animal,Mammal,Rodentia,Dipodidae,Napaeozapus
woodpecker,wood peckers are part of the family Picidae,Picidae,Animal,Bird,Piciformes,Picidae,
Wren,"Eurasian Wren, Northern wren, wiinter wren.  This one is crazy with a a lot of subspecies","Troglodytes troglodytes, Nannus troglodytes ",Animal,Bird,Passeriformes,Troglodytidae,Troglodytes
Wrentit,,Chamaea fasciata,Animal,Bird,Passeriformes,Sylviidae,Chamaea
Yellow legged gull,"Previously associated with Herring Gull, Lesser Blackbacked.  There was a mix up in Muniesa 1999 it is assumed that the gulls were yellow legged. ","Larus michahellis, (Larus cachinnans)",Animal,Bird,Charadriiformes,Laridae,Larus
Yellow warbler,mangrove warbler,Setophaga petechia,Animal,Bird,Passeriformes,Parulidae,Setophaga
Yellow-bellied marmot,,Marmota flaviventris,Animal,Mammal,Rodentia,Sciuridae,Marmota
Yellowhammer,,Emberiza citrinella,Animal,Bird,Passeriformes,Emberizidae,Emberiza
Yellow-headed blackbird,,Xanthocephalus xanthocephalus,Animal,Bird,Passeriformes,Icteridae,Xanthocephalus
Yellow-margined box turtle,,Cuora flavomarginata,,,,,
Yellow-necked mouse,"Yellow-necked field mouse, yellow-necked wood mouse",Apodemus flavicollis,Animal,Mammal,Rodentia,Muridae,Apodemus
Yellow-rumped warbler,,Setophaga coronata,Animal,Bird,Passeriformes,Parulidae,Setophaga
