Reference,Year,peer review,search,Location,USA,Global Region,Method,"Conventional, Molecular, or Immunologic",MDL/ALOD/LOD,Below MDL,MDL units,Sample Volume,kingdom,class,order,family,genius,Animal common name,Animal Latin Name,,Free/captive,Pathogen1,Pathogen,medium,Presence,Enumerated,Enum Stats,Censored Data,Presence/Absence,Total,percent,Individual Sample,Mean,Geometric mean,Standard deviation,Median,Min,Max,95% low,95% high,units,Notes,Notes,CenMedianLow,CenMedianHigh,CenMinLow,CenMinHigh,CenMaxLow,CenMaxHigh,log10mean,log10SD
Feng et al.,2007,yes,Google Scholar,"USA, New York, New York City/Catskill Couty/Deleware Couty/Croton County",yes,North America,"PCR (SSU rRNA gene 830, SspI and VspI)",Molecular,NA,NA,,0.2 ml,,Mammal,,,,American black bear,Ursus americanus,,free,Cryptosporidium,Cryptosporidium,"feces, intestines content, live, hunted and dead animals.",yes,no,,,ND,5,,,,,,,,,,,,,,,,,,,,,
Siembieda et al.,2011,yes,Google Scholar,"USA, California, San Francisco Bay",yes,North America,"direct immunofluorescence assay, immunomagnetic separation",Immunologic,NA,NA,,<5 g,,Bird,,,,American coot,,,free,Cryptosporidium spp,Cryptosporidium,feces,yes,no,,,ND,2,,,,,,,,,,,,Data had to be compiled from all over the place in the article,response to oil spill,,,,,,,,
Siembieda et al.,2011,yes,Google Scholar,"USA, California, San Francisco Bay",yes,North America,"direct immunofluorescence assay, immunomagnetic separation",Immunologic,NA,NA,,<5 g,,Bird,,,,American crow,,,free,Cryptosporidium spp,Cryptosporidium,feces,yes,no,,,ND,12,,,,,,,,,,,,Data had to be compiled from all over the place in the article,response to oil spill,,,,,,,,
Siembieda et al.,2011,yes,Google Scholar,"USA, California, San Francisco Bay",yes,North America,"direct immunofluorescence assay, immunomagnetic separation",Immunologic,NA,NA,,<5 g,,Bird,,,,American kestrel,,,free,Cryptosporidium spp,Cryptosporidium,feces,yes,no,,,ND,6,,,,,,,,,,,,Data had to be compiled from all over the place in the article,response to oil spill,,,,,,,,
Feng et al.,2007,yes,Google Scholar,"USA, New York, New York City/Catskill Couty/Deleware Couty/Croton County",yes,North America,"PCR (SSU rRNA gene 830, SspI and VspI)",Molecular,NA,NA,,0.2 ml,,Mammal,,,,American mink,Mustela vison ,,free,Cryptosporidium,Cryptosporidium,"feces, intestines content, live, hunted and dead animals.",yes,no,,,1,4,,,,,,,,,,,,,,,,,,,,,
Feng et al.,2007,yes,Google Scholar,"USA, New York, New York City/Catskill Couty/Deleware Couty/Croton County",yes,North America,"PCR (SSU rRNA gene 830, SspI and VspI)",Molecular,NA,NA,,0.2 ml,,Mammal,,,,American mink,Mustela vison ,,free,Cryptosporidium Mink genotype,Cryptosporidium (genotype),"feces, intestines content, live, hunted and dead animals.",yes,no,,,1,4,,,,,,,,,,,,,,,,,,,,,
Siembieda et al.,2011,yes,Google Scholar,"USA, California, San Francisco Bay",yes,North America,"direct immunofluorescence assay, immunomagnetic separation",Immunologic,NA,NA,,<5 g,,Bird,,,,American robin,,,free,Cryptosporidium spp,Cryptosporidium,feces,yes,no,,,ND,13,,,,,,,,,,,,Data had to be compiled from all over the place in the article,response to oil spill,,,,,,,,
Feng et al.,2007,yes,Google Scholar,"USA, New York, New York City/Catskill Couty/Deleware Couty/Croton County",yes,North America,"PCR (SSU rRNA gene 830, SspI and VspI)",Molecular,NA,NA,,0.2 ml,,Bird,,,,American toad,Bufo americanus,,free,Cryptosporidium,Cryptosporidium,"feces, intestines content, live, hunted and dead animals.",yes,no,,,ND,1,,,,,,,,,,,,,,,,,,,,,
Siembieda et al.,2011,yes,Google Scholar,"USA, California, San Francisco Bay",yes,North America,"direct immunofluorescence assay, immunomagnetic separation",Immunologic,NA,NA,,<5 g,,Bird,,,,Anatidae,,Scaup and scoter ,free,Cryptosporidium spp,Cryptosporidium,feces,yes,no,,,ND,6,,,,,,,,,,,,Data had to be compiled from all over the place in the article,response to oil spill,,,,,,,,
Cox et al.,2005,yes,Web of Science,"Australia, Sydney Watershed",no,Western Pacific,immunomagnetic separation with microscope count,Conventional,15,NA,oocyst/g,0.5g,,Mammal,,,,Australian bush rat,Rattus fuscipes,,free,Cryptosporidium,Cryptosporidium,feces,yes,no,StatsTotal,yes,0,4,,,,,,<15,<15,<15,,,oocysts/g wet weight,29-69% recovery,MDL based on lowest recovery,,,,,,,,
Siembieda et al.,2011,yes,Google Scholar,"USA, California, San Francisco Bay",yes,North America,"direct immunofluorescence assay, immunomagnetic separation",Immunologic,NA,NA,,<5 g,,Bird,,,,Band-tailed pigeon,,,free,Cryptosporidium spp,Cryptosporidium,feces,yes,no,,,ND,2,,,,,,,,,,,,Data had to be compiled from all over the place in the article,response to oil spill,,,,,,,,
Chalmers et al.,1997,yes,review,"UK, England, Warwickshire College Estate, Moreton Morrell",no,Europe,"Microscope, monoclonal antibody",Conventional,NA,NA,,NA,,Mammal,,,,Bank vole,Clethrionomys glareolus,,free,Cryptosporidium muris,Cryptosporidium muris,feces,yes,no,,,2,123,0.02,,,,,,,,,,,Broken down further from Fergison et al 2014,,,,,,,,,
Chalmers et al.,1997,yes,review,"UK, England, Warwickshire College Estate, Moreton Morrell",no,Europe,"Microscope, monoclonal antibody",Conventional,NA,NA,,NA,,Mammal,,,,Bank vole,Clethrionomys glareolus,,free,Cryptosporidium parvum,Cryptosporidium parvum,feces,yes,no,,,11,123,0.09,,,,,,,,,,,Broken down further from Fergison et al 2011,,,,,,,,,
Lohmus et al.,2013,yes,Google Scholar,"Sweden, Uppsala, rural dwellings",no,Europe,"immunofluorescence microscopy, Standard Method (methods Sweden National Veterinary Institute)",Conventional,NA,NA,,1 g,,Mammal,,,,Bank vole,Myodes glareolus),,free,Cryptosporidium sp.,Cryptosporidium,intestines content,yes,no,,,ND,9,,,,,,,,,,,,,,,,,,,,,
Siembieda et al.,2011,yes,Google Scholar,"USA, California, San Francisco Bay",yes,North America,"direct immunofluorescence assay, immunomagnetic separation",Immunologic,NA,NA,,<5 g,,Bird,,Barn owl,,,,Barn owl (family),free,Cryptosporidium spp,Cryptosporidium,feces,yes,no,,,ND,5,,,,,,,,,,,,Data had to be compiled from all over the place in the article,response to oil spill,,,,,,,,
Siembieda et al.,2011,yes,Google Scholar,"USA, California, San Francisco Bay",yes,North America,"direct immunofluorescence assay, immunomagnetic separation",Immunologic,NA,NA,,<5 g,,Bird,,,,,,Northern flicker and mockingbird,free,Cryptosporidium spp,Cryptosporidium,feces,yes,no,,,ND,2,,,,,,,,,,,,Data had to be compiled from all over the place in the article,response to oil spill,,,,,,,,
Kowalewski et al.,2011,yes,Google Scholar,"Argentina, Cerrito/San Cayetano ",no,South America,"Microscope, Direct Immunofluorescent",Conventional,NA,NA,,NA,,Mammal,,,,Black howler,Alouatta caraya,,free,Cryptosporidium sp.,Cryptosporidium,feces,yes,no,,,ND,30,,,,,,,,,,,,,,,,,,,,,
Kowalewski et al.,2011,yes,Google Scholar,"Argentina, Estacion Biologica Corrientes-Biological Field Station Corrientes",no,South America,"Microscope, Direct Immunofluorescent",Conventional,NA,NA,,NA,,Mammal,,,,Black howler,Alouatta caraya,,free,Cryptosporidium sp.,Cryptosporidium,feces,yes,no,,,ND,30,,,,,,,,,,,,,,,,,,,,,
Kowalewski et al.,2011,yes,Google Scholar,"Argentina, Isla Brasilera",no,South America,"Microscope, Direct Immunofluorescent",Conventional,NA,NA,,NA,,Mammal,,,,Black howler,Alouatta caraya,Black and Gold Howler Monkeys,free,Cryptosporidium sp.,Cryptosporidium,feces,yes,no,,,ND,30,,,,,,,,,,,,,,,,,,,,,
Moriarty et al.,2011,yes,Web of Science,"New Zealand, Auckland, Hamilton, Farewell Spit and Christchurch",no,Western Pacific,"PCR (AII F1, Act6R, 830 bp, AII F2, AII R1, 818 bp)",Molecular,NA,NA,,1-25 g,,Bird,,,,Black swan,,,free,Cryptosporidium spp.,Cryptosporidium,feces,yes,no,,,2,80,0.025,,,,,,,,,,count/g wet weight.,mean based on all 80 samples,,,,,,,,,
Siembieda et al.,2011,yes,Google Scholar,"USA, California, San Francisco Bay",yes,North America,"direct immunofluorescence assay, immunomagnetic separation",Immunologic,NA,NA,,<5 g,,Bird,,,,Black-crowned night heron,,,free,Cryptosporidium spp,Cryptosporidium,feces,yes,no,,,ND,16,,,,,,,,,,,,Data had to be compiled from all over the place in the article,response to oil spill,,,,,,,,
Medema,1999,thesis,review,Netherlands,no,Europe,Microscope,Conventional,1,NA,oocyst/g,1 g,,Bird,,,,Black-headed gull,Larus ridibundus,,free,Cryptosporidium spp. ,Cryptosporidium,feces pooled,yes ,yes,StatsTotal,no,1,1,1,,8,,,,,,,,cyst/g (infected animal),"percent is the number of percent of positive animals, there is also data for positive pooled samples.",,,,,,,,,
Li et al.,2020,yes,Google Scholar,"USA, Pacific Northwest",yes,North America,"PCR (nested 18S rRNA) direct immunofluorescence assay, immunomagnetic separation",Conventional,spike blank with 100 oocysts low recovery 2.2-31.5%,NA,,1-0.1 g,,Mammal,,,,Bobcat,Lynx rufus,,free,Cryptosporidium,Cryptosporidium,feces,yes,no,,,15,45,,,,,,,,,,,,,,,,,,,,,
Cox et al.,2005,yes,Web of Science,"Australia, Sydney Watershed",no,Western Pacific,immunomagnetic separation with microscope count,Conventional,15,NA,oocyst/g,0.5g,,Mammal,,,,Brown antechinus,Antechinus stuartii,,free,Cryptosporidium,Cryptosporidium,feces,yes,no,StatsTotal,yes,0,3,,,,,,<15,<15,<15,,,oocysts/g wet weight,8-11% recovery,MDL based on lowest recovery,,,,,,,,
Siembieda et al.,2011,yes,Google Scholar,"USA, California, San Francisco Bay",yes,North America,"direct immunofluorescence assay, immunomagnetic separation",Immunologic,NA,NA,,<5 g,,Bird,,,,Brown pelican ,,,free,Cryptosporidium spp,Cryptosporidium,feces,yes,no,,,ND,6,,,,,,,,,,,,Data had to be compiled from all over the place in the article,response to oil spill,,,,,,,,
Feng et al.,2007,yes,Google Scholar,"USA, New York, New York City/Catskill Couty/Deleware Couty/Croton County",yes,North America,"PCR (SSU rRNA gene 830, SspI and VspI)",Molecular,NA,NA,,0.2 ml,,Mammal,,,,Brown rat,Rattus norvegicus,,free,Cryptosporidium,Cryptosporidium,"feces, intestines content, live, hunted and dead animals.",yes,no,,,ND,1,,,,,,,,,,,,,,,,,,,,,
Firth et al. ,2014,yes,Google Scholar,"USA, New York, New York City",yes,North America,PCR,Molecular,0.35x10^3 to 3.5x10^3 RNA copies or 3.5*10^7 after 40 cycles,NA,,NA,,Mammal,,,,Brown rat,Rattus norvegicus,,free,Cryptosporidium parvum,Cryptosporidium parvum,fecal pellet,yes,no,,,2,133,,,,,,,,,,,,,,,,,,,,,
Li et al.,2020,yes,Google Scholar,"USA, Pacific Northwest",yes,North America,"PCR (nested 18S rRNA) direct immunofluorescence assay, immunomagnetic separation",Conventional,spike blank with 100 oocysts low recovery 2.2-31.5%,NA,,1-0.1 g,,Mammal,,,,Bushy-tailed woodrat,Neotoma cinerea,,free,Cryptosporidium,Cryptosporidium,feces,yes,no,,,3,20,,,,,,,,,,,,,,,,,,,,,
Kilonzo et al.,2013,yes,Web of Science,"USA, Central Coast, CA",yes,North America,"Microscope, immunofluorescence antibody",Conventional,NA,NA,,0.025-0.1g/rodent,,Mammal,,,,California deermouse,Peromyscus californicus,,free,Cryptosporidium,Cryptosporidium,feces,yes,no,,,4,38,,,,,,,,,,,,,,,,,,,,,
Kilonzo et al.,2013,yes,Web of Science,"USA, Central Coast, CA",yes,North America,"Microscope, immunofluorescence antibody",Conventional,NA,NA,,0.025-0.1g/rodent,,Mammal,,,,California ground squirrel,Spermophilus beecheyi,,free,Cryptosporidium,Cryptosporidium,feces,yes,no,,,1,2,,,,,,,,,,,,,,,,,,,,,
Atwill et al.,2001,yes,review,"USA, California, Kern County",yes,North America,immunoflourescent microscope,Conventional,6-20% recovery from spikes,NA,,NA,,Mammal,,,,California ground squirrel,Spermophilus beecheyi,,free,Cryptosporidium parvum,Cryptosporidium parvum,feces (colon of dead squirrels),yes,yes,StatsTotal,no,49,309,,,8543,,45895,,,,,,oocysts/gram,average based on total squrills,Data also broken down by sex and age,,,,,,,,
"Binkley, L. E.",2015,Thesis,Google Scholar,"USA, Ohio, Columbus",yes,North America,"ELISA, biochemical, culture broth",Molecular,NA,NA,,5 g,,Bird,,,,Canada goose,,,free,Cryptosporidium,Cryptosporidium,feces,yes,no,,,89,199,,,,,,,,,,,,,,,,,,,,,
Feng et al.,2007,yes,Google Scholar,"USA, New York, New York City/Catskill Couty/Deleware Couty/Croton County",yes,North America,"PCR (SSU rRNA gene 830, SspI and VspI)",Molecular,NA,NA,,0.2 ml,,Bird,,,,Canada goose,Branta canadensis ,,free,Cryptosporidium Goose genotypes II and I,Cryptosporidium (genotype),"feces, intestines content, live, hunted and dead animals.",yes,no,,,1,52,,,,,,,,,,,,,,,,,,,,,
Feng et al.,2007,yes,Google Scholar,"USA, New York, New York City/Catskill Couty/Deleware Couty/Croton County",yes,North America,"PCR (SSU rRNA gene 830, SspI and VspI)",Molecular,NA,NA,,0.2 ml,,Bird,,,,Canada goose,Branta canadensis ,,free,Cryptosporidium Goose genotype II,Cryptosporidium (genotype),"feces, intestines content, live, hunted and dead animals.",yes,no,,,2,52,,,,,,,,,,,,,,,,,,,,,
Feng et al.,2007,yes,Google Scholar,"USA, New York, New York City/Catskill Couty/Deleware Couty/Croton County",yes,North America,"PCR (SSU rRNA gene 830, SspI and VspI)",Molecular,NA,NA,,0.2 ml,,Bird,,,,Canada goose,Branta canadensis ,,free,Cryptosporidium Goose genotype I,Cryptosporidium (genotype),"feces, intestines content, live, hunted and dead animals.",yes,no,,,7,52,,,,,,,,,,,,,,,,,,,,,
Feng et al.,2007,yes,Google Scholar,"USA, New York, New York City/Catskill Couty/Deleware Couty/Croton County",yes,North America,"PCR (SSU rRNA gene 830, SspI and VspI)",Molecular,NA,NA,,0.2 ml,,Bird,,,,Canada goose,Branta canadensis ,,free,Cryptosporidium,Cryptosporidium,"feces, intestines content, live, hunted and dead animals.",yes,no,,,10,52,,,,,,,,,,,,,,,,,,,,,
Heitman et al.,2002,yes,review,"Canada, North Saskatchewan River Basin in Alberta",no,North America,"flotation, centrifuge, PCR KSU-1 992 bp, TSG 650?958 bp",Molecular,NA,NA,,NA,,Bird,,,,Canada goose,,,free,Cryptosporidium spp. ,Cryptosporidium,feces,yes,no,,,0,57,0,,,,,,,,,,,More  information From Ferguson et al. 2009 ,,,,,,,,,
Jellison et al.,2004,yes,review,"USA, New York, Illinoise, Massachusetts, Colrado, Virginia, Washington, Pennsylvania, Oklahoma",yes,North America,"PCR (CPB-DIAGF/CPB-DIAGR, 434-bp), immuniomagnetic seperation, centrifuge pellet ",Molecular,25 oocysts/g feces,NA,,1-3 g,,Bird,,,,Canada goose,,,free,Cryptosporidium spp. ,Cryptosporidium,feces,yes,no,,,11,161,,,,,,,,,,,,Also seperated by location and geen sequence identified.,Detailed genetic information,,,,,,,,
Li et al.,2020,yes,Google Scholar,"USA, Pacific Northwest",yes,North America,"PCR (nested 18S rRNA) direct immunofluorescence assay, immunomagnetic separation",Conventional,spike blank with 100 oocysts low recovery 2.2-31.5%,NA,,1-0.1 g,,Bird,,,,Canada goose,Branta canadensis,,free,Cryptosporidium,Cryptosporidium,feces,yes,no,,,1,28,,,,,,,,,,,,,,,,,,,,,
Moriarty et al.,2011,yes,Web of Science,"New Zealand, Auckland, Hamilton, Farewell Spit and Christchurch",no,Western Pacific,"PCR (AII F1, Act6R, 830 bp, AII F2, AII R1, 818 bp)",Molecular,NA,NA,,1-25 g,,Bird,,,,Canada goose,,,free,Cryptosporidium spp.,Cryptosporidium,feces,yes,no,,,4,80,0.05,,,,,,,,,,count/g wet weight.,mean based on all 80 samples,,,,,,,,,
Siembieda et al.,2011,yes,Google Scholar,"USA, California, San Francisco Bay",yes,North America,"direct immunofluorescence assay, immunomagnetic separation",Immunologic,NA,NA,,<5 g,,Bird,,,,Canada goose,,,free,Cryptosporidium spp,Cryptosporidium,feces,yes,no,,,ND,13,,,,,,,,,,,,Data had to be compiled from all over the place in the article,response to oil spill,,,,,,,,
Zhou et al.,2004,yes,review,"USA, Ohio, Toledo/Illinois, DuPage County",yes,North America,"PCR (SU rRNA gene 826-864 bp), 3 replicates",Molecular,200,NA,gene copies/ml (3 replicates),200 mg,,Bird,,,,Canada goose,Branta canadensis,,free,Cryptosporidium Duck genotype,Cryptosporidium (genotype),feces,yes,no,,,1,209,,,,,,,,,,,,,,,,,,,,,
Zhou et al.,2004,yes,review,"USA, Ohio, Toledo/Illinois, DuPage County",yes,North America,"PCR (SU rRNA gene 826-864 bp), 3 replicates",Molecular,200,NA,gene copies/ml (3 replicates),200 mg,,Bird,,,,Canada goose,Branta canadensis,,free,Cryptosporidium hominis,Cryptosporidium hominis,feces,yes,no,,,2,209,,,,,,,,,,,,might be contaminated with feces from other waterfowl,,,,,,,,,
Zhou et al.,2004,yes,review,"USA, Ohio, Toledo/Illinois, DuPage County",yes,North America,"PCR (SU rRNA gene 826-864 bp), 3 replicates",Molecular,200,NA,gene copies/ml (3 replicates),200 mg,,Bird,,,,Canada goose,Branta canadensis,,free,Cryptosporidium parvum,Cryptosporidium parvum,feces,yes,no,,,5,209,,,,,,,,,,,,,,,,,,,,,
Zhou et al.,2004,yes,review,"USA, Ohio, Toledo/Illinois, DuPage County",yes,North America,"PCR (SU rRNA gene 826-864 bp), 3 replicates",Molecular,200,NA,gene copies/ml (3 replicates),200 mg,,Bird,,,,Canada goose,Branta canadensis,,free,Cryptosporidium Goose genotype II,Cryptosporidium (genotype),feces,yes,no,,,9,209,,,,,,,,,,,,,,,,,,,,,
Zhou et al.,2004,yes,review,"USA, Ohio, Toledo/Illinois, DuPage County",yes,North America,"PCR (SU rRNA gene 826-864 bp), 3 replicates",Molecular,200,NA,gene copies/ml (3 replicates),200 mg,,Bird,,,,Canada goose,Branta canadensis,,free,Cryptosporidium Goose genotype I ,Cryptosporidium (genotype),feces,yes,no,,,36,209,,,,,,,,,,,,,,,,,,,,,
Zhou et al.,2004,yes,review,"USA, Ohio, Toledo/Illinois, DuPage County",yes,North America,"PCR (SU rRNA gene 826-864 bp), 3 replicates",Molecular,200,NA,gene copies/ml (3 replicates),200 mg,,Bird,,,,Canada goose,Branta canadensis,,free,Cryptosporidium spp.,Cryptosporidium,feces,yes,no,,,49,209,,,,,,,,,,,,,,,,,,,,,
Heitman et al.,2002,yes,review,"Canada, North Saskatchewan River Basin in Alberta",no,North America,"flotation, centrifuge, PCR KSU-1 992 bp, TSG 650?958 bp",Molecular,NA,NA,,NA,,Mammal,,,,Canada lynx,,lynx,free,Cryptosporidium spp. ,Cryptosporidium,feces,yes,no,,,0,1,,,,,,,,,,,,,,,,,,,,,
Lowenstein et al.,2020,yes,Web of Science,"Ecuador, Yaruqui, Quito",no,South America,ELISA,Molecular,NA,NA,,NA,,Mammal,,,,Cat,,,domestic,Cryptosporidium parvum,Cryptosporidium parvum,feces swab,yes,no,,,2,21,,,,,,,,,,,,,,,,,,,,,
McGlade et al.,2003,yes,review,"Australia, Perth",no,Western Pacific,PCR ,Molecular,NA,NA,,2g,,Mammal,,,,Cat,,,domestic,Cryptosporidium spp.,Cryptosporidium,feces (40 random of the 418),yes,no,,,4,40,0.1,,,,,,,,,,,From Ferguson et al. 2009,,,,,,,,,
McReynolds et al.,1999,yes,review,USA,yes,North America,ELISA,Immunologic,NA,NA,,NA,,Mammal,,,,Cat,,,domestic,Cryptosporidium spp.,Cryptosporidium,blood serum,yes,no,,,50,600,0.083,,,,,,,,,, IgG antibody,From Ferguson et al. 2009,,,,,,,,,
Queen et al.,2012,yes,review,"USA, California, Northern California, Davis Vetrinary Hospital",yes,North America,"ELISA, Manufacture instruction, spectrophotometric, 450 nm",Molecular,NA,NA,,NA,,Mammal,,,,Cat,,,domestic,Cryptosporidium,Cryptosporidium,feces (normal),yes,no,,,0,54,,,,,,,,,,,,,,,,,,,,,
Queen et al.,2012,yes,review,"USA, California, Northern California, Davis Vetrinary Hospital",yes,North America,"ELISA, Manufacture instruction, spectrophotometric, 450 nm",Molecular,NA,NA,,NA,,Mammal,,,,Cat,,,domestic,Cryptosporidium,Cryptosporidium,feces (diarrhea),yes,no,,,6,190,,,,,,,,,,,,,,,,,,,,,
Sabshin et al. ,2012,yes,review,"USA, Florida, Alachua County",yes,North America,PCR (A093489) Microscope Flotation,Molecular,NA,NA,,1g,,Mammal,,,,Cat,,,free,Cryptosporidium spp,Cryptosporidium,feces (diarrhea),yes,no,,,5,50,,,,,,,,,,,,From Review (Silvia and Lobato 2015),,,,,,,,,
Sabshin et al. ,2012,yes,review,"USA, Florida, Alachua County",yes,North America,PCR (A093489) Microscope Flotation,Molecular,NA,NA,,1g,,Mammal,,,,Cat,,,free,Cryptosporidium spp,Cryptosporidium,feces (normal),yes,no,,,10,50,,,,,,,,,,,,From Review (Silvia and Lobato 2015),,,,,,,,,
Santin et al. ,2006,yes,review,"Colombia, Bogota",no,South America,"PCR (nested custom primer, 830 bp), filtration, centrifuge",Molecular,NA,NA,,NA,,Mammal,,,,Cat,,,domestic,Cryptosporidium muris,Cryptosporidium,"feces (rectum scrape), euthanized cat",yes,no,,,1,46,,,,,,,,,,,,,,,,,,,,,
Santin et al. ,2006,yes,review,"Colombia, Bogota",no,South America,"PCR (nested custom primer, 830 bp), filtration, centrifuge",Molecular,NA,NA,,NA,,Mammal,,,,Cat,,,domestic,Cryptosporidium Felis,Cryptosporidium,"feces (rectum scrape), euthanized cat",yes,no,,,5,46,,,,,,,,,,,,,,,,,,,,,
Santin et al. ,2006,yes,review,"Colombia, Bogota",no,South America,"PCR (nested custom primer, 830 bp), filtration, centrifuge",Molecular,NA,NA,,NA,,Mammal,,,,Cat,,,domestic,Cryptosporidium,Cryptosporidium,"feces (rectum scrape), euthanized cat",yes,no,,,6,46,,,,,,,,,,,,,,,,,,,,,
Sargent et al.,1998,yes,review,"Australia, Perth",no,Western Pacific,"Stain, Microscope",Conventional,NA,NA,,100 ul ,,Mammal,,,,Cat,,,domestic,Cryptosporidium spp. ,Cryptosporidium,feces,yes,no,,,2,162,0.012,,,,,,,,,,,From Ferguson et al. 2009,,,,,,,,,
Sargent et al.,1998,yes,review,"Australia, Perth",no,Western Pacific,"Stain, Microscope, PCR",Molecular,NA,NA,,100 ul ,,Mammal,,,,Cat,,,domestic,Cryptosporidium spp.,Cryptosporidium,feces,yes,no,,,2,162,0.012,,,,,,,,,,,From Ferguson et al. 2009," Ct33, Ct131, C7, H5, 298 bp",,,,,,,,
Spain et al.,2001,yes,review,"USA, New York, Central",yes,North America,"ELISA, microscope, flotation",Immunologic,NA,NA,,NA,,Mammal,,,,Cat,,,domestic,Cryptosporidium sp.,Cryptosporidium,fecal,yes,no,,,3,114,,,,,,,,,,,,,,,,,,,,,
Spain et al.,2001,yes,review,"USA, New York, Central",yes,North America,"ELISA, microscope, flotation",Immunologic,NA,NA,,NA,,Mammal,,,,Cat,,,free (animal shelter),Cryptosporidium sp.,Cryptosporidium,fecal,yes,no,,,8,149,,,,,,,,,,,,,,,,,,,,,
Spain et al.,2001,yes,review,"USA, New York, Central",yes,North America,"ELISA, microscope, flotation",Immunologic,NA,NA,,NA,,Mammal,,,,Cat,,,domestic and free (animal shelter),Cryptosporidium sp.,Cryptosporidium,fecal,yes,no,,,10,263,0.038,,,,,,,,,,,,,,,,,,,,
Villeneuve et al.,2015,yes,Google Scholar,"Canada, Animal Shelters",no,North America,"microscope, flotation",Conventional,NA,NA,,NA,,Mammal,,,,Cat,,,shelter,Cryptosporidium,Cryptosporidium,feces,yes,no,,,8,636,0.013,,,,,,,,,,,Has information seperated by age and region,,,,,,,,,
Cox et al.,2005,yes,Web of Science,"Australia, Sydney Watershed",no,Western Pacific,immunomagnetic separation with microscope count,Conventional,15,NA,oocyst/g,0.5g,,Mammal,,,,Cat,Felis catus,,free,Cryptosporidium,Cryptosporidium,feces,yes,no,StatsTotal,yes,0,1,,,,,,<15,,,,,oocysts/g wet weight,51% recovery,MDL based on lowest recovery,,,,,,,,
Cox et al.,2005,yes,Web of Science,"Australia, Sydney Watershed",no,Western Pacific,immunomagnetic separation with microscope count,Conventional,15,NA,oocyst/g,0.5g,,Mammal,,,,Cat,Felis catus,,free,Cryptosporidium,Cryptosporidium,feces,yes,yes,StatsTotal,yes,3,7,,,,,,<15,<15,17,,,oocysts/g wet weight,59-93% recovery,MDL based on lowest recovery,0,15,0,15,,,,
Oates et al. ,2012,yes,Web of Science,"USA, Monteray Bay, California",yes,North America,"Microscope (Direct immunofluorescent antibody microscopy), separate, centrifuge, PCR (18SiF, 18SiR, 298 bp, eF, eR, 1,325 bp)",Conventional,NA,NA,,5g,,Mammal,,,,Cat,Felis silvestris catus,,free,Cryptosporidium,Cryptosporidium,feces,yes,yes,StatsTotal,no,8,74,0.108,,1884.8,,,,,,,,,,,,,,,,,,
Oates et al. ,2012,yes,Web of Science,"USA, Monteray Bay, California",yes,North America,"Microscope (Direct immunofluorescent antibody microscopy), separate, centrifuge, PCR (18SiF, 18SiR, 298 bp, eF, eR, 1,325 bp)",Conventional,NA,NA,,5g,,Mammal,,Cat,,,"Puma concolor, Lynx rufus","Wild felids (mountain lions, bobcats)",free,Cryptosporidium,Cryptosporidium,feces,yes,no,StatsTotal,yes,ND,11,0,,ND,,,,,,,,,,,,,,,,,,
Siembieda et al.,2011,yes,Google Scholar,"USA, California, San Francisco Bay",yes,North America,"direct immunofluorescence assay, immunomagnetic separation",Immunologic,NA,NA,,<5 g,,Bird,Charadriiformes,,,,,Killdeer and willet ,free,Cryptosporidium spp,Cryptosporidium,feces,yes,no,,,ND,2,,,,,,,,,,,,Data had to be compiled from all over the place in the article,response to oil spill,,,,,,,,
Siembieda et al.,2011,yes,Google Scholar,"USA, California, San Francisco Bay",yes,North America,"direct immunofluorescence assay, immunomagnetic separation",Immunologic,NA,NA,,<5 g,,Bird,,,,Clark's grebe,,,free,Cryptosporidium spp,Cryptosporidium,feces,yes,no,,,ND,6,,,,,,,,,,,,Data had to be compiled from all over the place in the article,response to oil spill,,,,,,,,
Feng et al.,2007,yes,Google Scholar,"USA, New York, New York City/Catskill Couty/Deleware Couty/Croton County",yes,North America,"PCR (SSU rRNA gene 830, SspI and VspI)",Molecular,NA,NA,,0.2 ml,,Bird,,,,Cliff swallow,Petrochelidon pyrrhonota,,free,Cryptosporidium,Cryptosporidium,"feces, intestines content, live, hunted and dead animals.",yes,no,,,ND,25,,,,,,,,,,,,,,,,,,,,,
Hill et al.,2008,yes,Google Scholar,"Australia, Sydney region",no,Western Pacific,"PCR (custom primers, 18SiCF2/18SiCR2 763-bp, 18SiF/18SiR 310-bp), paramagnetic beads conjugated with Cry104 ",Molecular,10-100 oocysts/g,NA,,0.1 g,,Mammal,,,,Common brushtail possum,Trichosurus vulpecula,,Free,Cryptosporidium ,Cryptosporidium,feces,yes,no,,,16,151,,,,,,,,,,,,,,,,,,,,,
Hill et al.,2008,yes,Google Scholar,"Australia, Blue Mountains, Jenolan Caves Reserve ",no,Western Pacific,"PCR (custom primers, 18SiCF2/18SiCR2 763-bp, 18SiF/18SiR 310-bp), paramagnetic beads conjugated with Cry103",Molecular,10-100 oocysts/g,NA,,0.1 g,,Mammal,,,,Common brushtail possum,Trichosurus vulpecula,,Free,Cryptosporidium ,Cryptosporidium,feces,yes,no,,,1,18,,,10,,,,,,,,,(1 BTP1 genotype),,,,,,,,,
Cox et al.,2005,yes,Web of Science,"Australia, Sydney Watershed",no,Western Pacific,immunomagnetic separation with microscope count,Conventional,15,NA,oocyst/g,0.5g,,Mammal,,,,Common brushtail possum,Trichosurus vulpecula,,free,Cryptosporidium,Cryptosporidium,feces,yes,yes,StatsTotal,yes,2,2,,,,,,54,20,89,,,oocysts/g wet weight,41-61% recovery,MDL based on lowest recovery,,,,,,,,
Hill et al.,2008,yes,Google Scholar,"Australia, Sydney region",no,Western Pacific,Immunomagnetic separation with flow cytometery microscope count,Conventional,10,NA,oocyst/g,0.1 g,,Mammal,,,,Common brushtail possum,Trichosurus vulpecula,,Free,Cryptosporidium ,Cryptosporidium,feces,yes,yes,Semiquantitative,yes,0,18,,,,,,,1000,10000,,,1000-10000 oocysts/g,distribution of oocysts in possums,,,,,,,,,
Hill et al.,2008,yes,Google Scholar,"Australia, Sydney region",no,Western Pacific,Immunomagnetic separation with flow cytometery microscope count,Conventional,10,NA,oocyst/g,0.1 g,,Mammal,,,,Common brushtail possum,Trichosurus vulpecula,,Free,Cryptosporidium ,Cryptosporidium,feces,yes,yes,Semiquantitative,yes,1,18,,,,,,,10000,100000,,,10000-100000 oocysts/g,distribution of oocysts in possums,,,,,,,,,
Hill et al.,2008,yes,Google Scholar,"Australia, Sydney region",no,Western Pacific,Immunomagnetic separation with flow cytometery microscope count,Conventional,10,NA,oocyst/g,0.1 g,,Mammal,,,,Common brushtail possum,Trichosurus vulpecula,,Free,Cryptosporidium ,Cryptosporidium,feces,yes,yes,Semiquantitative,yes,1,18,,,,,,,100,1000,,,100-1000 oocysts/g,distribution of oocysts in possums,,,,,,,,,
Hill et al.,2008,yes,Google Scholar,"Australia, Sydney region",no,Western Pacific,Immunomagnetic separation with flow cytometery microscope count,Conventional,10,NA,oocyst/g,0.1 g,,Mammal,,,,Common brushtail possum,Trichosurus vulpecula,,Free,Cryptosporidium ,Cryptosporidium,feces,yes,yes,Semiquantitative,yes,2,18,,,,,,,100000,1000000,,,100000-1000000 oocysts/g,distribution of oocysts in possums,,,,,,,,,
Hill et al.,2008,yes,Google Scholar,"Australia, Sydney region",no,Western Pacific,Immunomagnetic separation with flow cytometery microscope count,Conventional,10,NA,oocyst/g,0.1 g,,Mammal,,,,Common brushtail possum,Trichosurus vulpecula,,Free,Cryptosporidium ,Cryptosporidium,feces,yes,yes,Semiquantitative,yes,4,18,,,,,,,10,100,,,10-100 oocysts/g,distribution of oocysts in possums,,,,,,,,,
Hill et al.,2008,yes,Google Scholar,"Australia, Sydney region",no,Western Pacific,Immunomagnetic separation with flow cytometery microscope count,Conventional,10,NA,oocyst/g,0.1 g,,Mammal,,,,Common brushtail possum,Trichosurus vulpecula,,Free,Cryptosporidium ,Cryptosporidium,feces,yes,yes,Semiquantitative,yes,8,18,,,,,,,0,10,,,0-10 oocysts/g,distribution of oocysts in possums,,,,,,,,,
Hill et al.,2008,yes,Google Scholar,"Austrialia, Mosman, Taronga Zoo",no,Western Pacific,Immunomagnetic separation with flow cytometery microscope count,Conventional,10,NA,oocyst/g,0.1 g,,Mammal,,,,Common brushtail possum,Trichosurus vulpecula,,Free,Cryptosporidium ,Cryptosporidium,feces,yes,yes,StatsTotal,no,15,133,,,70581,,,25,,,,,oocysts/g positive samples,"(7 BTP1, 5 BTP2 genotype)",,,,,,,,,
Medema,1999,thesis,review,Netherlands,no,Europe,Microscope,Conventional,1,NA,oocyst/g,1 g,,Bird,,,,Common buzzard,Buteo buteo,,free,Cryptosporidium spp. ,Cryptosporidium,feces pooled,yes ,no,StatsTotal,no,0,1,0,,0,,,,,,,,cyst/g (infected animal),"percent is the number of percent of positive animals, there is also data for positive pooled samples.",,,,,,,,,
Ebani et al.,2021,yes,Web of Science,"Italy, Central Italy",no,Europe,"PCR (outcryF/outcry R 1326 bp, incryF/incryR 826-864 bp)",Molecular,NA,NA,,25 mg,,Bird,,,,Common kestrel,Falco tinninculus,,free,Cryptosporidium spp. ,Cryptosporidium,feces,yes,no,,,0,3,,,,,,,,,,,,,,,,,,,,,
Siembieda et al.,2011,yes,Google Scholar,"USA, California, San Francisco Bay",yes,North America,"direct immunofluorescence assay, immunomagnetic separation",Immunologic,NA,NA,,<5 g,,Bird,,,,Common murre,,,free,Cryptosporidium spp,Cryptosporidium,feces,yes,no,,,ND,31,,,,,,,,,,,,Data had to be compiled from all over the place in the article,response to oil spill,,,,,,,,
Medema,1999,thesis,review,Netherlands,no,Europe,Microscope,Conventional,1,NA,oocyst/g,1 g,,Bird,,,,Common phaesant,Phasianus colchicus,,free,Cryptosporidium spp. ,Cryptosporidium,feces pooled,yes ,no,StatsTotal,no,0,2,0,,0,,,,,,,,cyst/g (infected animal),"percent is the number of percent of positive animals, there is also data for positive pooled samples.",2 individual 1 composite sample,,,,,,,,
Ebani et al.,2021,yes,Web of Science,"Italy, Central Italy",no,Europe,"PCR (outcryF/outcry R 1326 bp, incryF/incryR 826-864 bp)",Molecular,NA,NA,,25 mg,,Bird,,,,Common shelduck,Tadorna tadorna,,free,Cryptosporidium spp. ,Cryptosporidium,feces,yes,no,,,0,3,,,,,,,,,,,,,,,,,,,,,
Medema,1999,thesis,review,Netherlands,no,Europe,Microscope,Conventional,1,NA,oocyst/g,1 g,,Bird,,,,Common shelduck,Tadorna tadorna,,free,Cryptosporidium spp. ,Cryptosporidium,feces pooled,yes ,yes,StatsTotal,no,1,44,0.023986085,,45.6,,,,,,,,cyst/g (infected animal),"percent is the number of percent of positive animals, there is also data for positive pooled samples.",44 individual 8 composite samples,,,,,,,,
Sturdee et al.,1999,yes,review,"UK, Norfolk, Worcestershire, Warwickshire",no,Europe,"Microscope, sedimentation, kill ether",Conventional,800,NA,oocyst/g,20 ul,,Mammal,,,,Common shrew,Sorex araneus,,free,Cryptosporidium parvum,Cryptosporidium parvum,feces,yes,yes,Semiquantitative,yes,7,20,0.35,,,,,,3000,25000,,,oocysts/g,From Ferguson et al. 2009,,,,,,,,,
Sturdee et al.,1999,yes,review,"UK, Norfolk, Worcestershire, Warwickshire",no,Europe,"Microscope, sedimentation, kill ether",Conventional,800,NA,oocyst/g,20 ul,,Mammal,,,,Common shrew,Sorex araneus,,free,Cryptosporidium parvum,Cryptosporidium parvum,feces,yes,yes,Semiquantitative,yes,13,20,,,,,,,0,800,,,oocysts/g,From Ferguson et al. 2009,,,,,,,,,
Ebani et al.,2021,yes,Web of Science,"Italy, Central Italy",no,Europe,"PCR (outcryF/outcry R 1326 bp, incryF/incryR 826-864 bp)",Molecular,NA,NA,,25 mg,,Bird,,,,Common wood pigeon,Columba palumbus,,free,Cryptosporidium spp. ,Cryptosporidium,feces,yes,no,,,0,1,,,,,,,,,,,,,,,,,,,,,
Li et al.,2020,yes,Google Scholar,"USA, Pacific Northwest",yes,North America,"PCR (nested 18S rRNA) direct immunofluorescence assay, immunomagnetic separation",Conventional,spike blank with 100 oocysts low recovery 2.2-31.5%,NA,,1-0.1 g,,Mammal,,,,Cougar,Puma concolor,,free,Cryptosporidium,Cryptosporidium,feces,yes,no,,,4,8,,,,,,,,,,,,,,,,,,,,,
Kilonzo et al.,2013,yes,Web of Science,"USA, Central Coast, CA",yes,North America,"Microscope, immunofluorescence antibody",Conventional,NA,NA,,0.025-0.1g/rodent,,Mammal,,Cricetidae,,,"Cricetidae (including  Peromyscus boylii, Peromyscus manicultus, Reithrodontomys megalotis, Microtus californicus, Peromyscus californicus, and Neotoma fuscipes)",,free,Cryptosporidium,Cryptosporidium,feces,yes,no,,,70,265,,,,,,,,,,,,,,,,,,,,,
Feng et al.,2007,yes,Google Scholar,"USA, New York, New York City/Catskill Couty/Deleware Couty/Croton County",yes,North America,"PCR (SSU rRNA gene 830, SspI and VspI)",Molecular,NA,NA,,0.2 ml,,Mammal,,,,Deer mouse,Peromyscus sp.,,free,Cryptosporidium Deer mouse genotypes I and II ,Cryptosporidium (genotype),"feces, intestines content, live, hunted and dead animals.",yes,no,,,1,177,,,,,,,,,,,,,,,,,,,,,
Feng et al.,2007,yes,Google Scholar,"USA, New York, New York City/Catskill Couty/Deleware Couty/Croton County",yes,North America,"PCR (SSU rRNA gene 830, SspI and VspI)",Molecular,NA,NA,,0.2 ml,,Mammal,,,,Deer mouse,Peromyscus sp.,,free,Cryptosporidium meleagridis ,Cryptosporidium (genotype),"feces, intestines content, live, hunted and dead animals.",yes,no,,,1,177,,,,,,,,,,,,,,,,,,,,,
Feng et al.,2007,yes,Google Scholar,"USA, New York, New York City/Catskill Couty/Deleware Couty/Croton County",yes,North America,"PCR (SSU rRNA gene 830, SspI and VspI)",Molecular,NA,NA,,0.2 ml,,Mammal,,,,Deer mouse,Peromyscus sp.,,free,Cryptosporidium W17,Cryptosporidium (genotype),"feces, intestines content, live, hunted and dead animals.",yes,no,,,1,177,,,,,,,,,,,,,,,,,,,,,
Feng et al.,2007,yes,Google Scholar,"USA, New York, New York City/Catskill Couty/Deleware Couty/Croton County",yes,North America,"PCR (SSU rRNA gene 830, SspI and VspI)",Molecular,NA,NA,,0.2 ml,,Mammal,,,,Deer mouse,Peromyscus sp.,,free,Cryptosporidium W4,Cryptosporidium (genotype),"feces, intestines content, live, hunted and dead animals.",yes,no,,,1,177,,,,,,,,,,,,,,,,,,,,,
Feng et al.,2007,yes,Google Scholar,"USA, New York, New York City/Catskill Couty/Deleware Couty/Croton County",yes,North America,"PCR (SSU rRNA gene 830, SspI and VspI)",Molecular,NA,NA,,0.2 ml,,Mammal,,,,Deer mouse,Peromyscus sp.,,free,Cryptosporidium W1 and deer mouse genotypes I and II ,Cryptosporidium (genotype),"feces, intestines content, live, hunted and dead animals.",yes,no,,,2,177,,,,,,,,,,,,,,,,,,,,,
Feng et al.,2007,yes,Google Scholar,"USA, New York, New York City/Catskill Couty/Deleware Couty/Croton County",yes,North America,"PCR (SSU rRNA gene 830, SspI and VspI)",Molecular,NA,NA,,0.2 ml,,Mammal,,,,Deer mouse,Peromyscus sp.,,free,Cryptosporidium Deer mouse genotype,Cryptosporidium (genotype),"feces, intestines content, live, hunted and dead animals.",yes,no,,,10,177,,,,,,,,,,,,,,,,,,,,,
Feng et al.,2007,yes,Google Scholar,"USA, New York, New York City/Catskill Couty/Deleware Couty/Croton County",yes,North America,"PCR (SSU rRNA gene 830, SspI and VspI)",Molecular,NA,NA,,0.2 ml,,Mammal,,,,Deer mouse,Peromyscus sp.,,free,Cryptosporidium W1,Cryptosporidium (genotype),"feces, intestines content, live, hunted and dead animals.",yes,no,,,20,177,,,,,,,,,,,,,,,,,,,,,
Feng et al.,2007,yes,Google Scholar,"USA, New York, New York City/Catskill Couty/Deleware Couty/Croton County",yes,North America,"PCR (SSU rRNA gene 830, SspI and VspI)",Molecular,NA,NA,,0.2 ml,,Mammal,,,,Deer mouse,Peromyscus sp.,,free,Cryptosporidium W3,Cryptosporidium (genotype),"feces, intestines content, live, hunted and dead animals.",yes,no,,,21,177,,,,,,,,,,,,,,,,,,,,,
Feng et al.,2007,yes,Google Scholar,"USA, New York, New York City/Catskill Couty/Deleware Couty/Croton County",yes,North America,"PCR (SSU rRNA gene 830, SspI and VspI)",Molecular,NA,NA,,0.2 ml,,Mammal,,,,Deer mouse,Peromyscus sp.,,free,Cryptosporidium,Cryptosporidium,"feces, intestines content, live, hunted and dead animals.",yes,no,,,57,177,,,,,,,,,,,,,,,,,,,,,
Kilonzo et al.,2013,yes,Web of Science,"USA, Central Coast, CA",yes,North America,"Microscope, immunofluorescence antibody",Conventional,NA,NA,,0.025-0.1g/rodent,,Mammal,,,,Deer mouse,Peromyscus manicultus,,free,Cryptosporidium,Cryptosporidium,feces,yes,no,,,65,214,,,,,,,,,,,,,,,,,,,,,
Li et al.,2020,yes,Google Scholar,"USA, Pacific Northwest",yes,North America,"PCR (nested 18S rRNA) direct immunofluorescence assay, immunomagnetic separation",Conventional,spike blank with 100 oocysts low recovery 2.2-31.5%,NA,,1-0.1 g,,Mammal,,,,Deer mouse,Peromyscus maniculatus,,free,Cryptosporidium,Cryptosporidium,feces,yes,no,,,3,73,,,,,,,,,,,,,,,,,,,,,
Kilonzo et al.,2017,yes,Google Scholar,"USA, California, Monterey and San Benito County",yes,North America,direct immunofluorescent assay,Conventional,NA,NA,oocyst/g,proportional to weigh of feces pellet,,Mammal,,,,Deer mouse,Peromyscus manicultus,,free,Cryptosporidium spp.,Cryptosporidium,feces,no,yes,StatsTotal,no,63,208,,,126000000,,700000000,,,,,,oocysts/g feces,all samples.,"also broke down by sex, age, season and location",,,,,,,,
Feng et al.,2007,yes,Google Scholar,"USA, New York, New York City/Catskill Couty/Deleware Couty/Croton County",yes,North America,"PCR (SSU rRNA gene 830, SspI and VspI)",Molecular,NA,NA,,0.2 ml,,Bird,,,,Double-crested cormorant,Phalacrocorax auritus,,free,Cryptosporidium,Cryptosporidium,"feces, intestines content, live, hunted and dead animals.",yes,no,,,ND,5,,,,,,,,,,,,,,,,,,,,,
Li et al.,2020,yes,Google Scholar,"USA, Pacific Northwest",yes,North America,"PCR (nested 18S rRNA) direct immunofluorescence assay, immunomagnetic separation",Conventional,spike blank with 100 oocysts low recovery 2.2-31.5%,NA,,1-0.1 g,,Reptile,,,,Douglas squirrel,Tamiasciurus douglasii,,free,Cryptosporidium,Cryptosporidium,feces,yes,no,,,ND,1,,,,,,,,,,,,,,,,,,,,,
Moriarty et al.,2011,yes,Web of Science,"New Zealand, Auckland, Hamilton, Farewell Spit and Christchurch",no,Western Pacific,"PCR (AII F1, Act6R, 830 bp, AII F2, AII R1, 818 bp)",Molecular,NA,NA,,1-25 g,,Bird,,Duck,,,,Duck (family),free,Cryptosporidium spp.,Cryptosporidium,feces,yes,no,,,1,80,0.013,,,,,,,,,,count/g wet weight.,mean based on all 80 samples,,,,,,,,,
Feng et al.,2007,yes,Google Scholar,"USA, New York, New York City/Catskill Couty/Deleware Couty/Croton County",yes,North America,"PCR (SSU rRNA gene 830, SspI and VspI)",Molecular,NA,NA,,0.2 ml,,Mammal,,,,Eastern chipmunk,Tamias striatus,,free,Cryptosporidium Chipmunk II,Cryptosporidium (genotype),"feces, intestines content, live, hunted and dead animals.",yes,no,,,1,7,,,,,,,,,,,,,,,,,,,,,
Feng et al.,2007,yes,Google Scholar,"USA, New York, New York City/Catskill Couty/Deleware Couty/Croton County",yes,North America,"PCR (SSU rRNA gene 830, SspI and VspI)",Molecular,NA,NA,,0.2 ml,,Mammal,,,,Eastern chipmunk,Tamias striatus,,free,Cryptosporidium W17 ,Cryptosporidium (genotype),"feces, intestines content, live, hunted and dead animals.",yes,no,,,1,7,,,,,,,,,,,,,,,,,,,,,
Feng et al.,2007,yes,Google Scholar,"USA, New York, New York City/Catskill Couty/Deleware Couty/Croton County",yes,North America,"PCR (SSU rRNA gene 830, SspI and VspI)",Molecular,NA,NA,,0.2 ml,,Mammal,,,,Eastern chipmunk,Tamias striatus,,free,Cryptosporidium W4 ,Cryptosporidium (genotype),"feces, intestines content, live, hunted and dead animals.",yes,no,,,2,7,,,,,,,,,,,,,,,,,,,,,
Feng et al.,2007,yes,Google Scholar,"USA, New York, New York City/Catskill Couty/Deleware Couty/Croton County",yes,North America,"PCR (SSU rRNA gene 830, SspI and VspI)",Molecular,NA,NA,,0.2 ml,,Mammal,,,,Eastern chipmunk,Tamias striatus,,free,Cryptosporidium,Cryptosporidium,"feces, intestines content, live, hunted and dead animals.",yes,no,,,4,7,,,,,,,,,,,,,,,,,,,,,
Feng et al.,2007,yes,Google Scholar,"USA, New York, New York City/Catskill Couty/Deleware Couty/Croton County",yes,North America,"PCR (SSU rRNA gene 830, SspI and VspI)",Molecular,NA,NA,,0.2 ml,,Mammal,,,,Eastern gray squirrel,Sciurus carolinensis,,free,Cryptosporidium muris,Cryptosporidium (genotype),"feces, intestines content, live, hunted and dead animals.",yes,no,,,1,33,,,,,,,,,,,,,,,,,,,,,
Feng et al.,2007,yes,Google Scholar,"USA, New York, New York City/Catskill Couty/Deleware Couty/Croton County",yes,North America,"PCR (SSU rRNA gene 830, SspI and VspI)",Molecular,NA,NA,,0.2 ml,,Mammal,,,,Eastern gray squirrel,Sciurus carolinensis,,free,Cryptosporidium W13 ,Cryptosporidium (genotype),"feces, intestines content, live, hunted and dead animals.",yes,no,,,1,33,,,,,,,,,,,,,,,,,,,,,
Feng et al.,2007,yes,Google Scholar,"USA, New York, New York City/Catskill Couty/Deleware Couty/Croton County",yes,North America,"PCR (SSU rRNA gene 830, SspI and VspI)",Molecular,NA,NA,,0.2 ml,,Mammal,,,,Eastern gray squirrel,Sciurus carolinensis,,free,Cryptosporidium W17 ,Cryptosporidium (genotype),"feces, intestines content, live, hunted and dead animals.",yes,no,,,1,33,,,,,,,,,,,,,,,,,,,,,
Feng et al.,2007,yes,Google Scholar,"USA, New York, New York City/Catskill Couty/Deleware Couty/Croton County",yes,North America,"PCR (SSU rRNA gene 830, SspI and VspI)",Molecular,NA,NA,,0.2 ml,,Mammal,,,,Eastern gray squirrel,Sciurus carolinensis,,free,Cryptosporidium parvum ,Cryptosporidium parvum,"feces, intestines content, live, hunted and dead animals.",yes,no,,,1,33,,,,,,,,,,,,,,,,,,,,,
Feng et al.,2007,yes,Google Scholar,"USA, New York, New York City/Catskill Couty/Deleware Couty/Croton County",yes,North America,"PCR (SSU rRNA gene 830, SspI and VspI)",Molecular,NA,NA,,0.2 ml,,Mammal,,,,Eastern gray squirrel,Sciurus carolinensis,,free,Cryptosporidium W4 ,Cryptosporidium (genotype),"feces, intestines content, live, hunted and dead animals.",yes,no,,,3,33,,,,,,,,,,,,,,,,,,,,,
Feng et al.,2007,yes,Google Scholar,"USA, New York, New York City/Catskill Couty/Deleware Couty/Croton County",yes,North America,"PCR (SSU rRNA gene 830, SspI and VspI)",Molecular,NA,NA,,0.2 ml,,Mammal,,,,Eastern gray squirrel,Sciurus carolinensis,,free,Cryptosporidium W1 ,Cryptosporidium (genotype),"feces, intestines content, live, hunted and dead animals.",yes,no,,,5,33,,,,,,,,,,,,,,,,,,,,,
Feng et al.,2007,yes,Google Scholar,"USA, New York, New York City/Catskill Couty/Deleware Couty/Croton County",yes,North America,"PCR (SSU rRNA gene 830, SspI and VspI)",Molecular,NA,NA,,0.2 ml,,Mammal,,,,Eastern gray squirrel,Sciurus carolinensis,,free,Cryptosporidium,Cryptosporidium,"feces, intestines content, live, hunted and dead animals.",yes,no,,,12,33,,,,,,,,,,,,,,,,,,,,,
Sturdee et al.,1999,yes,review,"UK, Norfolk, Worcestershire, Warwickshire",no,Europe,"Microscope, sedimentation, kill ether",Conventional,800,NA,oocyst/g,20 ul,,Mammal,,,,Eastern gray squirrel,Sciurus carolinensis,,free,Cryptosporidium parvum,Cryptosporidium parvum,feces,yes,yes,Semiquantitative,yes,8,8,0,,,,,,0,800,,,oocysts/g,From Ferguson et al. 2009,,,,,,,,,
Sturdee et al.,1999,yes,review,"UK, Norfolk, Worcestershire, Warwickshire",no,Europe,"Microscope, sedimentation, kill ether",Conventional,800,NA,oocyst/g,20 ul,,Mammal,,,,Ermine,Mustela erminea,,free,Cryptosporidium parvum,Cryptosporidium parvum,feces,yes,yes,Semiquantitative,yes,2,2,0,,0,,,,0,800,,,oocysts/g,From Ferguson et al. 2009,,,,,,,,,
Medema,1999,thesis,review,Netherlands,no,Europe,Microscope,Conventional,1,NA,oocyst/g,1 g,,Bird,,,,Eurasian coot,Fulica atra,,free,Cryptosporidium spp. ,Cryptosporidium,feces pooled,yes ,no,StatsTotal,no,0,5,0,,0,,,,,,,,cyst/g (infected animal),"percent is the number of percent of positive animals, there is also data for positive pooled samples.",5 individual 1 composite samples,,,,,,,,
Ebani et al.,2021,yes,Web of Science,"Italy, Central Italy",no,Europe,"PCR (outcryF/outcry R 1326 bp, incryF/incryR 826-864 bp)",Molecular,NA,NA,,25 mg,,Bird,,,,Eurasian coot ,Fulica atra,,free,Cryptosporidium spp. ,Cryptosporidium,feces,yes,no,,,0,1,,,,,,,,,,,,,,,,,,,,,
Medema,1999,thesis,review,Netherlands,no,Europe,Microscope,Conventional,1,NA,oocyst/g,1 g,,Bird,,,,Eurasian oystercatcher,Haematopus ostralegus,,free,Cryptosporidium spp. ,Cryptosporidium,feces pooled,yes ,no,StatsTotal,no,0,2,0,,0,,,,,,,,cyst/g (infected animal),"percent is the number of percent of positive animals, there is also data for positive pooled samples.",2 individual 1 composite sample,,,,,,,,
Sturdee et al.,1999,yes,review,"UK, Norfolk, Worcestershire, Warwickshire",no,Europe,"Microscope, sedimentation, kill ether",Conventional,800,NA,oocyst/g,20 ul,,Mammal,,,,Eurasian pigmy shrew,Sorex minutus,,free,Cryptosporidium parvum,Cryptosporidium parvum,feces,yes,yes,Semiquantitative,yes,1,10,0.1,,10000,,,,10000,10000,,,oocysts/g,From Ferguson et al. 2009,,,,,,,,,
Sturdee et al.,1999,yes,review,"UK, Norfolk, Worcestershire, Warwickshire",no,Europe,"Microscope, sedimentation, kill ether",Conventional,800,NA,oocyst/g,20 ul,,Mammal,,,,Eurasian pigmy shrew,Sorex minutus,,free,Cryptosporidium parvum,Cryptosporidium parvum,feces,yes,yes,Semiquantitative,yes,9,10,,,,,,,0,800,,,oocysts/g,From Ferguson et al. 2009,,,,,,,,,
Feng et al.,2007,yes,Google Scholar,"USA, New York, New York City/Catskill Couty/Deleware Couty/Croton County",yes,North America,"PCR (SSU rRNA gene 830, SspI and VspI)",Molecular,NA,NA,,0.2 ml,,Mammal,,,,Eurasian red squirrel,Sciurus vulgaris ,,free,Cryptosporidium,Cryptosporidium,"feces, intestines content, live, hunted and dead animals.",yes,no,,,1,2,,,,,,,,,,,,,,,,,,,,,
Feng et al.,2007,yes,Google Scholar,"USA, New York, New York City/Catskill Couty/Deleware Couty/Croton County",yes,North America,"PCR (SSU rRNA gene 830, SspI and VspI)",Molecular,NA,NA,,0.2 ml,,Mammal,,,,Eurasian red squirrel,Sciurus vulgaris ,,free,Cryptosporidium W4 ,Cryptosporidium (genotype),"feces, intestines content, live, hunted and dead animals.",yes,no,,,1,2,,,,,,,,,,,,,,,,,,,,,
Ebani et al.,2021,yes,Web of Science,"Italy, Central Italy",no,Europe,"PCR (outcryF/outcry R 1326 bp, incryF/incryR 826-864 bp)",Molecular,NA,NA,,25 mg,,Bird,,,,Eurasian sparrowhawk,Accipiter nisus,,free,Cryptosporidium spp. ,Cryptosporidium,feces,yes,no,,,0,1,,,,,,,,,,,,,,,,,,,,,
Ebani et al.,2021,yes,Web of Science,"Italy, Central Italy",no,Europe,"PCR (outcryF/outcry R 1326 bp, incryF/incryR 826-864 bp)",Molecular,NA,NA,,25 mg,,Bird,,,,Eurasian teal,Anas crecca,,free,Cryptosporidium spp. ,Cryptosporidium,feces,yes,no,,,0,22,,,,,,,,,,,,,,,,,,,,,
Ebani et al.,2021,yes,Web of Science,"Italy, Central Italy",no,Europe,"PCR (outcryF/outcry R 1326 bp, incryF/incryR 826-864 bp)",Molecular,NA,NA,,25 mg,,Bird,,,,Eurasian wigeon,Anas penelope,,free,Cryptosporidium spp. ,Cryptosporidium,feces,yes,no,,,0,11,,,,,,,,,,,,,,,,,,,,,
Medema,1999,thesis,review,Netherlands,no,Europe,Microscope,Conventional,1,NA,oocyst/g,1 g,,Bird,,,,Eurasian wigeon,Anas penelope,,free,Cryptosporidium spp. ,Cryptosporidium,feces pooled,yes ,yes,StatsTotal,no,1,66,0.017284162,,0.36,,,,,,,,cyst/g (infected animal),"percent is the number of percent of positive animals, there is also data for positive pooled samples.",66 individual 4 composite samples,,,,,,,,
Sturdee et al.,1999,yes,review,"UK, Norfolk, Worcestershire, Warwickshire",no,Europe,"Microscope, sedimentation, kill ether",Conventional,800,NA,oocyst/g,20 ul,,Mammal,,,,European badger ,Meles meles,,free,Cryptosporidium parvum,Cryptosporidium parvum,feces,yes,yes,Semiquantitative,yes,4,26,0.15,,3000,,,,3000,3000,,,oocysts/g,From Ferguson et al. 2009,,,,,,,,,
Sturdee et al.,1999,yes,review,"UK, Norfolk, Worcestershire, Warwickshire",no,Europe,"Microscope, sedimentation, kill ether",Conventional,800,NA,oocyst/g,20 ul,,Mammal,,,,European badger ,Meles meles,,free,Cryptosporidium parvum,Cryptosporidium parvum,feces,yes,yes,Semiquantitative,yes,22,26,,,,,,,0,800,,,oocysts/g,From Ferguson et al. 2009,,,,,,,,,
Sturdee et al.,1999,yes,review,"UK, Norfolk, Worcestershire, Warwickshire",no,Europe,"Microscope, sedimentation, kill ether",Conventional,800,NA,oocyst/g,20 ul,,Mammal,,,,European polecat,Mustela putorius,,free,Cryptosporidium parvum,Cryptosporidium parvum,feces,yes,yes,Semiquantitative,yes,2,2,0,,,,,,0,800,,,oocysts/g,From Ferguson et al. 2009,,,,,,,,,
Heitman et al.,2002,yes,review,"Canada, North Saskatchewan River Basin in Alberta",no,North America,"flotation, centrifuge, PCR KSU-1 992 bp, TSG 650?958 bp",Molecular,NA,NA,,NA,,Mammal,,,,Fisher,,,free,Cryptosporidium spp. ,Cryptosporidium,feces,yes,no,,,0,3,,,,,,,,,,,,,,,,,,,,,
Ahmed et al. ,2019,yes,Web of Science,"Australia, South East Queensland ",no,Western Pacific,qPCR,Molecular,1000,half MDL,gene copies/g feces 2gene copies/reaction,200 mg,,Mammal,,,Flying fox,,,Flying fox (genus),free,Cryptosporidium parvum,Cryptosporidium parvum,feces,yes,no,StatsTotal,yes,0,14,,,<1000,,<1000,,<1000,<1000,<1000,<1000,gene copies/g feces,,,,,,,,,,
Medema,1999,thesis,review,Netherlands,no,Europe,Microscope,Conventional,1,NA,oocyst/g,1 g,,Bird,,,,Gadwall,Anas strepera,,free,Cryptosporidium spp. ,Cryptosporidium,feces pooled,yes ,yes,StatsTotal,no,1,43,0.024537001,,274,,,,,,,,cyst/g (infected animal),"percent is the number of percent of positive animals, there is also data for positive pooled samples.",43 individual 8 composite samples,,,,,,,,
Siembieda et al.,2011,yes,Google Scholar,"USA, California, San Francisco Bay",yes,North America,"direct immunofluorescence assay, immunomagnetic separation",Immunologic,NA,NA,,<5 g,,Bird,,,,Glaucous-winged gull,,,free,Cryptosporidium spp,Cryptosporidium,feces,yes,no,,,ND,1,,,,,,,,,,,,Data had to be compiled from all over the place in the article,response to oil spill,,,,,,,,
Feng et al.,2007,yes,Google Scholar,"USA, New York, New York City/Catskill Couty/Deleware Couty/Croton County",yes,North America,"PCR (SSU rRNA gene 830, SspI and VspI)",Molecular,NA,NA,,0.2 ml,,Bird,,,,Great black-backed gull,Larus marinus ,,free,Cryptosporidium,Cryptosporidium,"feces, intestines content, live, hunted and dead animals.",yes,no,,,ND,1,,,,,,,,,,,,,,,,,,,,,
Medema,1999,thesis,review,Netherlands,no,Europe,Microscope,Conventional,1,NA,oocyst/g,1 g,,Bird,,,,Great blue heron,Ardea cinerea,,free,Cryptosporidium spp. ,Cryptosporidium,feces pooled,yes ,no,StatsTotal,no,0,1,0,,0,,,,,,,,cyst/g (infected animal),"percent is the number of percent of positive animals, there is also data for positive pooled samples.",1,,,,,,,,
Medema,1999,thesis,review,Netherlands,no,Europe,Microscope,Conventional,1,NA,oocyst/g,1 g,,Bird,,,,Great cormorant,Phalacrocorax carbo,,free,Cryptosporidium spp. ,Cryptosporidium,feces pooled,yes ,yes,StatsTotal,no,1,10,0.105572809,,64,,,,,,,,cyst/g (infected animal),"percent is the number of percent of positive animals, there is also data for positive pooled samples.",10 individual 5 composite sample,,,,,,,,
Rzymski et al.,2017,yes,Google Scholar,"Poland, Lake Chrzypsko",no,Europe,Microscope,Conventional,800,NA,,NA,,Bird,,,,Great cormorant,Phalacrocorax carbo,,free,Cryptosporidium,Cryptosporidium,feces composite by nest,yes,yes,StatsnoND,no,2,125,,,4000,,,,,,3000,25000,oocysts/g composite feces,,25 (composite 5samples per composite),,,,,,,,
Siembieda et al.,2011,yes,Google Scholar,"USA, California, San Francisco Bay",yes,North America,"direct immunofluorescence assay, immunomagnetic separation",Immunologic,NA,NA,,<5 g,,Bird,,,,Great horned owl,,,free,Cryptosporidium spp,Cryptosporidium,feces,yes,no,,,ND,6,,,,,,,,,,,,Data had to be compiled from all over the place in the article,response to oil spill,,,,,,,,
Siembieda et al.,2011,yes,Google Scholar,"USA, California, San Francisco Bay",yes,North America,"direct immunofluorescence assay, immunomagnetic separation",Immunologic,NA,NA,,<5 g,,Bird,Grebe,,,,,Eared and western grebe ,free,Cryptosporidium spp,Cryptosporidium,feces,yes,no,,,ND,3,,,,,,,,,,,,Data had to be compiled from all over the place in the article,response to oil spill,,,,,,,,
Ebani et al.,2021,yes,Web of Science,"Italy, Central Italy",no,Europe,"PCR (outcryF/outcry R 1326 bp, incryF/incryR 826-864 bp)",Molecular,NA,NA,,25 mg,,Bird,,,,Green heron,Ardea cinerea,,free,Cryptosporidium spp. ,Cryptosporidium,feces,yes,no,,,0,2,,,,,,,,,,,,,,,,,,,,,
Siembieda et al.,2011,yes,Google Scholar,"USA, California, San Francisco Bay",yes,North America,"direct immunofluorescence assay, immunomagnetic separation",Immunologic,NA,NA,,<5 g,,Bird,,,,Green heron,,,free,Cryptosporidium spp,Cryptosporidium,feces,yes,no,,,ND,8,,,,,,,,,,,,Data had to be compiled from all over the place in the article,response to oil spill,,,,,,,,
Medema,1999,thesis,review,Netherlands,no,Europe,Microscope,Conventional,1,NA,oocyst/g,1 g,,Bird,,,,Greylag goose,Anser anser,,free,Cryptosporidium spp. ,Cryptosporidium,feces pooled,yes ,no,StatsTotal,no,0,133,0,,0,,,,,,,,cyst/g (infected animal),"percent is the number of percent of positive animals, there is also data for positive pooled samples.",133 individual 6 composite samples,,,,,,,,
Feng et al.,2007,yes,Google Scholar,"USA, New York, New York City/Catskill Couty/Deleware Couty/Croton County",yes,North America,"PCR (SSU rRNA gene 830, SspI and VspI)",Molecular,NA,NA,,0.2 ml,,Mammal,,,,Groundhog,Marmota monax ,,free,Cryptosporidium,Cryptosporidium,"feces, intestines content, live, hunted and dead animals.",yes,no,,,1,5,,,,,,,,,,,,,,,,,,,,,
Feng et al.,2007,yes,Google Scholar,"USA, New York, New York City/Catskill Couty/Deleware Couty/Croton County",yes,North America,"PCR (SSU rRNA gene 830, SspI and VspI)",Molecular,NA,NA,,0.2 ml,,Mammal,,,,Groundhog,Marmota monax ,,free,Cryptosporidium W4 ,Cryptosporidium (genotype),"feces, intestines content, live, hunted and dead animals.",yes,no,,,1,5,,,,,,,,,,,,,,,,,,,,,
Heitman et al.,2002,yes,review,"Canada, North Saskatchewan River Basin in Alberta",no,North America,"flotation, centrifuge, PCR KSU-1 992 bp, TSG 650?958 bp",Molecular,NA,NA,,NA,,Bird,,Grouse,,,,Grouse (family),free,Cryptosporidium spp. ,Cryptosporidium,feces,yes,no,,,0,50,,,,,,,,,,,,,,,,,,,,,
Moriarty et al.,2011,yes,Web of Science,"New Zealand, Auckland, Hamilton, Farewell Spit and Christchurch",no,Western Pacific,"PCR (AII F1, Act6R, 830 bp, AII F2, AII R1, 818 bp)",Molecular,NA,NA,,1-25 g,,Bird,,Gull,,,,Gull (family),free,Cryptosporidium spp.,Cryptosporidium,feces,yes,no,,,ND,80,ND,,,,,,,,,,count/g wet weight.,mean based on all 80 samples,,,,,,,,,
Oates et al. ,2012,yes,Web of Science,"USA, Monteray Bay, California",yes,North America,"Microscope (Direct immunofluorescent antibody microscopy), separate, centrifuge, PCR (18SiF, 18SiR, 298 bp, eF, eR, 1,325 bp)",Conventional,NA,NA,,5g,,Bird,,,Gull,,Larus spp.,Gull (family),free,Cryptosporidium,Cryptosporidium,feces,no,no,StatsTotal,yes,ND,145,0,,ND,,,,,,,,,,,,,,,,,,
Kilonzo et al.,2013,yes,Web of Science,"USA, Central Coast, CA",yes,North America,"Microscope, immunofluorescence antibody",Conventional,NA,NA,,0.025-0.1g/rodent,,Mammal,,,,Heermann's kangaroo rat,Dipodomys heermani,,free,Cryptosporidium,Cryptosporidium,feces,yes,no,,,1,3,,,,,,,,,,,,,,,,,,,,,
Feng et al.,2007,yes,Google Scholar,"USA, New York, New York City/Catskill Couty/Deleware Couty/Croton County",yes,North America,"PCR (SSU rRNA gene 830, SspI and VspI)",Molecular,NA,NA,,0.2 ml,,Bird,,,,Herring gull,Larus argentatus,,free,Cryptosporidium,Cryptosporidium,"feces, intestines content, live, hunted and dead animals.",yes,no,,,ND,8,,,,,,,,,,,,,,,,,,,,,
Kilonzo et al.,2013,yes,Web of Science,"USA, Central Coast, CA",yes,North America,"Microscope, immunofluorescence antibody",Conventional,NA,NA,,0.025-0.1g/rodent,,Mammal,,Heteromyidae,,,Heteromyidae (including  Chaetodipus californicus and Dipodomys heermani),,free,Cryptosporidium,Cryptosporidium,feces,yes,no,,,1,7,,,,,,,,,,,,,,,,,,,,,
Chalmers et al.,1994,yes,review,"UK, England, Warwickshire College Estate, Moreton Morrell (Stables and Farm)",no,Europe,"Microscope, stain",Conventional,NA,NA,,NA,,Mammal,,,,House mouse,Mus musculus,,free,Cryptosporidium parvum,Cryptosporidium parvum,feces,yes,no,,,19,58,,,,,,,,,,,,,,,,,,,,,
Chalmers et al.,1995,yes,review,"UK, England, Warwickshire College Estate, Moreton Morrell (Stables and Farm)",no,Europe,"Microscope, stain",Conventional,NA,NA,,NA,,Mammal,,,,House mouse,Mus musculus,,free,Cryptosporidium muris,Cryptosporidium muris,feces,yes,no,,,15,58,,,,,,,,,,,,,,,,,,,,,
Chalmers et al.,1997,yes,review,"UK, England, Warwickshire College Estate, Moreton Morrell",no,Europe,"Microscope, monoclonal antibody",Conventional,NA,NA,,NA,,Mammal,,,,House mouse,Apodemus sylvaticus,,free,Cryptosporidium muris,Cryptosporidium muris,feces,yes,no,,,12,230,0.05,,,,,,,,,,,Broken down further from Fergison et al 2013,,,,,,,,,
Chalmers et al.,1997,yes,review,"UK, England, Warwickshire College Estate, Moreton Morrell",no,Europe,"Microscope, monoclonal antibody",Conventional,NA,NA,,NA,,Mammal,,,,House mouse,Mus domesticus,,free,Cryptosporidium muris,Cryptosporidium muris,feces,yes,no,,,24,242,0.1,,,,,,,,,,,Broken down further from Fergison et al 2012,,,,,,,,,
Chalmers et al.,1997,yes,review,"UK, England, Warwickshire College Estate, Moreton Morrell",no,Europe,"Microscope, monoclonal antibody",Conventional,NA,NA,,NA,,Mammal,,,,House mouse,Apodemus sylvaticus,,free,Cryptosporidium parvum,Cryptosporidium parvum,feces,yes,no,,,48,230,0.21,,,,,,,,,,,Broken down further from Fergison et al 2010,,,,,,,,,
Chalmers et al.,1997,yes,review,"UK, England, Warwickshire College Estate, Moreton Morrell",no,Europe,"Microscope, monoclonal antibody",Conventional,NA,NA,,NA,,Mammal,,,,House mouse,Mus domesticus,,free,Cryptosporidium parvum,Cryptosporidium parvum,feces,yes,no,,,53,242,0.22,,,,,,,,,,,Broken down further from Fergison et al 2009,,,,,,,,,
Lohmus et al.,2013,yes,Google Scholar,"Sweden, Uppsala, rural dwellings",no,Europe,"immunofluorescence microscopy, Standard Method (methods Sweden National Veterinary Institute)",Conventional,NA,NA,,1 g,,Mammal,,,,House mouse,Mus musculus,,free,Cryptosporidium sp.,Cryptosporidium,intestines content,yes,no,,,ND,2,,,,,,,,,,,,,,,,,,,,,
Sturdee et al.,1999,yes,review,"UK, Norfolk, Worcestershire, Warwickshire",no,Europe,"Microscope, sedimentation, kill ether",Conventional,800,NA,oocyst/g,20 ul,,Mammal,,,,Least weasel,Mustela nivalis,,free,Cryptosporidium parvum,Cryptosporidium parvum,feces,yes,yes,Semiquantitative,yes,1,1,0,,,,,,0,800,,,oocysts/g,From Ferguson et al. 2009,,,,,,,,,
Ebani et al.,2021,yes,Web of Science,"Italy, Central Italy",no,Europe,"PCR (outcryF/outcry R 1326 bp, incryF/incryR 826-864 bp)",Molecular,NA,NA,,25 mg,,Bird,,,,Little owl,Athene noctua ,,free,Cryptosporidium spp. ,Cryptosporidium,feces,yes,no,,,0,1,,,,,,,,,,,,,,,,,,,,,
Li et al.,2020,yes,Google Scholar,"USA, Pacific Northwest",yes,North America,"PCR (nested 18S rRNA) direct immunofluorescence assay, immunomagnetic separation",Conventional,spike blank with 100 oocysts low recovery 2.2-31.5%,NA,,1-0.1 g,,Mammal,,,,Long-tailed vole,Microtus longicaudus,,free,Cryptosporidium,Cryptosporidium,feces,yes,no,,,ND,1,,,,,,,,,,,,,,,,,,,,,
Siembieda et al.,2011,yes,Google Scholar,"USA, California, San Francisco Bay",yes,North America,"direct immunofluorescence assay, immunomagnetic separation",Immunologic,NA,NA,,<5 g,,Bird,,,Loon,,,"Common, Pacific, and red-throated loons ",free,Cryptosporidium spp,Cryptosporidium,feces,yes,no,,,ND,9,,,,,,,,,,,,Data had to be compiled from all over the place in the article,response to oil spill,,,,,,,,
Cox et al.,2005,yes,Web of Science,"Australia, Sydney Watershed",no,Western Pacific,immunomagnetic separation with microscope count,Conventional,15,NA,oocyst/g,0.5g,,Bird,,,,Mained duck,Chenonetta jubata,,free,Cryptosporidium,Cryptosporidium,feces,yes,no,StatsTotal,yes,0,9,,,,,,<15,<15,<15,,,oocysts/g wet weight,27-68% recovery,MDL based on lowest recovery,,,,,,,,
Ebani et al.,2021,yes,Web of Science,"Italy, Central Italy",no,Europe,"PCR (outcryF/outcry R 1326 bp, incryF/incryR 826-864 bp)",Molecular,NA,NA,,25 mg,,Bird,,,,Mallard,Anas platyrhynchos,,free,Cryptosporidium spp. ,Cryptosporidium,feces,yes,no,,,0,15,,,,,,,,,,,,,,,,,,,,,
Siembieda et al.,2011,yes,Google Scholar,"USA, California, San Francisco Bay",yes,North America,"direct immunofluorescence assay, immunomagnetic separation",Immunologic,NA,NA,,<5 g,,Bird,,,,Mallard,,,free,Cryptosporidium spp,Cryptosporidium,feces,yes,no,,,ND,12,,,,,,,,,,,,Data had to be compiled from all over the place in the article,response to oil spill,,,,,,,,
Medema,1999,thesis,review,Netherlands,no,Europe,Microscope,Conventional,1,NA,oocyst/g,1 g,,Bird,,,,Mallard,Anas platyrhynchos,,free,Cryptosporidium spp. ,Cryptosporidium,feces pooled,yes ,no,StatsTotal,no,0,168,0,,0,,,,,,,,cyst/g (infected animal),"percent is the number of percent of positive animals, there is also data for positive pooled samples.",168 individual 17 composite samples,,,,,,,,
Sturdee et al.,2003,yes,review,"UK, England, Coventry, Warwickshire College Estate, pasture",no,Europe,"microscope, stain with antibody, flotation, fecal samples in ether to kill bactera",Conventional,800,NA,oocyst/g,0.5 g,,Mammal,,,,,,"small mammals (wood mice, voles, shrews)",free,Cryptosporidium,Cryptosporidium,feces,yes,yes,StatsnoND,no,281,940,,,46776,,101280,,800,898400,,,oocysts/g feces,other data included repeat samples,,,,,,,,,
Heitman et al.,2002,yes,review,"Canada, North Saskatchewan River Basin in Alberta",no,North America,"flotation, centrifuge, PCR KSU-1 992 bp, TSG 650?958 bp",Molecular,NA,NA,,NA,,Mammal,,,Marten,,,Marten (genus),free,Cryptosporidium spp. ,Cryptosporidium,feces,yes,no,,,0,4,,,,,,,,,,,,,,,,,,,,,
Feng et al.,2007,yes,Google Scholar,"USA, New York, New York City/Catskill Couty/Deleware Couty/Croton County",yes,North America,"PCR (SSU rRNA gene 830, SspI and VspI)",Molecular,NA,NA,,0.2 ml,,Mammal,,,,Meadow vole,Microtus pennsylvanicus,,free,Cryptosporidium W15,Cryptosporidium (genotype),"feces, intestines content, live, hunted and dead animals.",yes,no,,,1,10,,,,,,,,,,,,,,,,,,,,,
Feng et al.,2007,yes,Google Scholar,"USA, New York, New York City/Catskill Couty/Deleware Couty/Croton County",yes,North America,"PCR (SSU rRNA gene 830, SspI and VspI)",Molecular,NA,NA,,0.2 ml,,Mammal,,,,Meadow vole,Microtus pennsylvanicus,,free,Cryptosporidium W16,Cryptosporidium (genotype),"feces, intestines content, live, hunted and dead animals.",yes,no,,,2,10,,,,,,,,,,,,,,,,,,,,,
Feng et al.,2007,yes,Google Scholar,"USA, New York, New York City/Catskill Couty/Deleware Couty/Croton County",yes,North America,"PCR (SSU rRNA gene 830, SspI and VspI)",Molecular,NA,NA,,0.2 ml,,Mammal,,,,Meadow vole,Microtus pennsylvanicus,,free,Cryptosporidium,Cryptosporidium,"feces, intestines content, live, hunted and dead animals.",yes,no,,,3,10,,,,,,,,,,,,,,,,,,,,,
Li et al.,2020,yes,Google Scholar,"USA, Pacific Northwest",yes,North America,"PCR (nested 18S rRNA) direct immunofluorescence assay, immunomagnetic separation",Conventional,spike blank with 100 oocysts low recovery 2.2-31.5%,NA,,1-0.1 g,,Mammal,,,,Mountain beaver,Aplodontia rufa,,free,Cryptosporidium,Cryptosporidium,feces,yes,no,,,4,10,,,,,,,,,,,,,,,,,,,,,
Siembieda et al.,2011,yes,Google Scholar,"USA, California, San Francisco Bay",yes,North America,"direct immunofluorescence assay, immunomagnetic separation",Immunologic,NA,NA,,<5 g,,Bird,,,,Mourning dove,,,free,Cryptosporidium spp,Cryptosporidium,feces,yes,no,,,ND,14,,,,,,,,,,,,Data had to be compiled from all over the place in the article,response to oil spill,,,,,,,,
Heitman et al.,2002,yes,review,"Canada, North Saskatchewan River Basin in Alberta",no,North America,"flotation, centrifuge, PCR KSU-1 992 bp, TSG 650?958 bp",Molecular,NA,NA,,NA,,Mammal,Mouse,,,,,Mouse (order),free,Cryptosporidium spp. ,Cryptosporidium,feces,yes,no,,,0,2,0,,,,,,,,,,,More  information From Ferguson et al. 2009 ,,,,,,,,,
Kilonzo et al.,2013,yes,Web of Science,"USA, Central Coast, CA",yes,North America,"Microscope, immunofluorescence antibody",Conventional,NA,NA,,0.025-0.1g/rodent,,Mammal,,Muridae,,,Muridae (including Mus musculus and Rattus norvegicus),,free,Cryptosporidium,Cryptosporidium,feces,yes,no,,,0,3,,,,,,,,,,,,,,,,,,,,,
Sturdee et al.,2003,yes,review,"UK, England, Coventry, Warwickshire College Estate, near buildings",no,Europe,"microscope, stain with antibody, flotation, fecal samples in ether to kill bactera",Conventional,800,NA,oocyst/g,0.5 g,,Mammal,,Muridae,,,,Muridae (family),free,Cryptosporidium,Cryptosporidium,feces,yes,yes,StatsnoND,no,159,485,,,43781,,116400,,800,716000,,,oocysts/g feces,other data included repeat samples,,,,,,,,,
Feng et al.,2007,yes,Google Scholar,"USA, New York, New York City/Catskill Couty/Deleware Couty/Croton County",yes,North America,"PCR (SSU rRNA gene 830, SspI and VspI)",Molecular,NA,NA,,0.2 ml,,Mammal,,,,Muskrat,Ondatrini zibethicus,,free,Cryptosporidium,Cryptosporidium,"feces, intestines content, live, hunted and dead animals.",yes,no,,,1,1,,,,,,,,,,,,,,,,,,,,,
Feng et al.,2007,yes,Google Scholar,"USA, New York, New York City/Catskill Couty/Deleware Couty/Croton County",yes,North America,"PCR (SSU rRNA gene 830, SspI and VspI)",Molecular,NA,NA,,0.2 ml,,Mammal,,,,Muskrat,Ondatrini zibethicus,,free,Cryptosporidium W7,Cryptosporidium (genotype),"feces, intestines content, live, hunted and dead animals.",yes,no,,,1,1,,,,,,,,,,,,,,,,,,,,,
Medema,1999,thesis,review,Netherlands,no,Europe,Microscope,Conventional,1,NA,oocyst/g,1 g,,Bird,,,,Mute swan,Cygnus olor,,free,Cryptosporidium spp. ,Cryptosporidium,feces pooled,yes ,yes,StatsTotal,no,1,5,0.205582119,,5.2,,,,,,,,cyst/g (infected animal),"percent is the number of percent of positive animals, there is also data for positive pooled samples.",5 individual 4 composite,,,,,,,,
Feng et al.,2007,yes,Google Scholar,"USA, New York, New York City/Catskill Couty/Deleware Couty/Croton County",yes,North America,"PCR (SSU rRNA gene 830, SspI and VspI)",Molecular,NA,NA,,0.2 ml,,Mammal,,,,North american beaver,Castor canadensis ,,free,Cryptosporidium Beaver genotype,Cryptosporidium (genotype),"feces, intestines content, live, hunted and dead animals.",yes,no,,,1,16,,,,,,,,,,,,,,,,,,,,,
Feng et al.,2007,yes,Google Scholar,"USA, New York, New York City/Catskill Couty/Deleware Couty/Croton County",yes,North America,"PCR (SSU rRNA gene 830, SspI and VspI)",Molecular,NA,NA,,0.2 ml,,Mammal,,,,North american beaver,Castor canadensis ,,free,Cryptosporidium W4 ,Cryptosporidium (genotype),"feces, intestines content, live, hunted and dead animals.",yes,no,,,2,16,,,,,,,,,,,,,,,,,,,,,
Feng et al.,2007,yes,Google Scholar,"USA, New York, New York City/Catskill Couty/Deleware Couty/Croton County",yes,North America,"PCR (SSU rRNA gene 830, SspI and VspI)",Molecular,NA,NA,,0.2 ml,,Mammal,,,,North american beaver,Castor canadensis ,,free,Cryptosporidium,Cryptosporidium,"feces, intestines content, live, hunted and dead animals.",yes,no,,,3,16,,,,,,,,,,,,,,,,,,,,,
Ebani et al.,2021,yes,Web of Science,"Italy, Central Italy",no,Europe,"PCR (outcryF/outcry R 1326 bp, incryF/incryR 826-864 bp)",Molecular,NA,NA,,25 mg,,Bird,,,,Northern pintail,Anas acuta,,free,Cryptosporidium spp. ,Cryptosporidium,feces,yes,no,,,0,1,,,,,,,,,,,,,,,,,,,,,
Medema,1999,thesis,review,Netherlands,no,Europe,Microscope,Conventional,1,NA,oocyst/g,1 g,,Bird,,,,Northern shoveler,Anas clypeata,,free,Cryptosporidium spp. ,Cryptosporidium,feces pooled,yes ,no,StatsTotal,no,0,2,0,,0,,,,,,,,cyst/g (infected animal),"percent is the number of percent of positive animals, there is also data for positive pooled samples.",2 individual 1 composite sample,,,,,,,,
Ebani et al.,2021,yes,Web of Science,"Italy, Central Italy",no,Europe,"PCR (outcryF/outcry R 1326 bp, incryF/incryR 826-864 bp)",Molecular,NA,NA,,25 mg,,Bird,,,,Northern shoveler ,Anas clypeata,,free,Cryptosporidium spp. ,Cryptosporidium,feces,yes,no,,,0,3,,,,,,,,,,,,,,,,,,,,,
Masuda et al.,2021,yes,Google Scholar,"Japan, Kanagawa Prefecture",no,Western Pacific,"(18SCR2, 18SCF2, 18SCF1, 18SCR1, 600 bp)",Molecular,NA,NA,,NA,,Mammal,,,,Pallas's squirrel,Callosciurus erythraeus,,free,Cryptosporidium ubiquitum,Cryptosporidium ubiquitum,feces from rectum of hunted animals,yes,no,,,18,423,,,,,,,,,,,," 18SCR2, 18SCF2, 18SCF1, 18SCR1, 600 bp",,,,,,,,,
Ahmed et al. ,2019,yes,Web of Science,"Australia, South East Queensland ",no,Western Pacific,qPCR,Molecular,1000,half MDL,gene copies/g feces 2gene copies/reaction,200 mg,,Mammal,Parrot,,,,,,free,Cryptosporidium parvum,Cryptosporidium parvum,feces,yes,no,StatsTotal,yes,0,10,,,<1000,,<1000,,<1000,<1000,<1000,<1000,gene copies/g feces,,,,,,,,,,
Ebani et al.,2021,yes,Web of Science,"Italy, Central Italy",no,Europe,"PCR (outcryF/outcry R 1326 bp, incryF/incryR 826-864 bp)",Molecular,NA,NA,,25 mg,,Bird,,,,Peregrine falcon, Falco peregrinus,,free,Cryptosporidium spp. ,Cryptosporidium,feces,yes,no,,,0,1,,,,,,,,,,,,,,,,,,,,,
Ebani et al.,2021,yes,Web of Science,"Italy, Central Italy",no,Europe,"PCR (outcryF/outcry R 1326 bp, incryF/incryR 826-864 bp)",Molecular,NA,NA,,25 mg,,Bird,,,,Pigeon,Columba livia,,free,Cryptosporidium spp. ,Cryptosporidium,feces,yes,no,,,0,21,,,,,,,,,,,,,,,,,,,,,
Feng et al.,2007,yes,Google Scholar,"USA, New York, New York City/Catskill Couty/Deleware Couty/Croton County",yes,North America,"PCR (SSU rRNA gene 830, SspI and VspI)",Molecular,NA,NA,,0.2 ml,,Mammal,,,,Porcupine,Erethizon dorsatum,,free,Cryptosporidium,Cryptosporidium,"feces, intestines content, live, hunted and dead animals.",yes,no,,,ND,4,,,,,,,,,,,,,,,,,,,,,
Waters et al. ,2019,yes,Web of Science,"Australia, SE Queensland, Brisbane",no,Western Pacific,"PCR (Blastocystis spp., Cryptosporidium spp., Dientamoeba fragilis, Entamoeba histolytica, and Giardia spp.), EasyScreen? Enteric Parasite Detection Kit",Molecular,NA,NA,,NA,,Mammal,Possum,,,,,Possum (order),free,Cryptosporidium spp. ,Cryptosporidium,feces,yes,no,,,2,20,,,,,,,,,,,,Samples from (Ahmed et al. 2016),,,,,,,,,
Feng et al.,2007,yes,Google Scholar,"USA, New York, New York City/Catskill Couty/Deleware Couty/Croton County",yes,North America,"PCR (SSU rRNA gene 830, SspI and VspI)",Molecular,NA,NA,,0.2 ml,,Mammal,,,,Raccoon,Procyon lotor,,free,Cryptosporidium W4,Cryptosporidium (genotype),"feces, intestines content, live, hunted and dead animals.",yes,no,,,1,21,,,,,,,,,,,,,,,,,,,,,
Feng et al.,2007,yes,Google Scholar,"USA, New York, New York City/Catskill Couty/Deleware Couty/Croton County",yes,North America,"PCR (SSU rRNA gene 830, SspI and VspI)",Molecular,NA,NA,,0.2 ml,,Mammal,,,,Raccoon,Procyon lotor,,free,Cryptosporidium W13,Cryptosporidium (genotype),"feces, intestines content, live, hunted and dead animals.",yes,no,,,3,21,,,,,,,,,,,,,,,,,,,,,
Feng et al.,2007,yes,Google Scholar,"USA, New York, New York City/Catskill Couty/Deleware Couty/Croton County",yes,North America,"PCR (SSU rRNA gene 830, SspI and VspI)",Molecular,NA,NA,,0.2 ml,,Mammal,,,,Raccoon,Procyon lotor,,free,Cryptosporidium,Cryptosporidium,"feces, intestines content, live, hunted and dead animals.",yes,no,,,4,21,,,,,,,,,,,,,,,,,,,,,
Siembieda et al.,2011,yes,Google Scholar,"USA, California, San Francisco Bay",yes,North America,"direct immunofluorescence assay, immunomagnetic separation",Immunologic,NA,NA,,<5 g,,Mammal,,,,Raccoon,,,free,Cryptosporidium spp,Cryptosporidium,feces,yes,no,,,1,10,,,,,,,,,,,,Data had to be compiled from all over the place in the article,response to oil spill,,,,,,,,
"Snyder, DE",1998,yes,review,"USA, Central Illinois",yes,North America,"Microscope, Centrifuge, monoclonal antibody, ",Conventional,NA,NA,,5g,,Mammal,,,,Raccoon,Procyon lotor,,free,Cryptosporidium parvum,Cryptosporidium parvum,feces,yes,no,,,13,100,0.13,,,,,,,,,,,From Ferguson et al. 2016,,,,,,,,,
Zhou et al. ,2004,yes,review,"USA, Chesapeake Bay",yes,North America,"SSU rRNA PCR-RFLP SspI, VspI 830 bp",Molecular,NA,NA,,15 g ,,Mammal,,,,Raccoon,,,free,Cryptosporidium Skunk genotype ,Cryptosporidium (genotype),pooled feces,yes,no,,,2,51,0.039,,,,,,,,,,,From Ferguson et al. 2009,,,,,,,,,
Webster and MacDonald,1995,yes,review,"UK, England, Oxfordshire, farms",no,Europe,"microscope, immunoflourscence, centrifuge",Conventional,NA,NA,,3-4 pellets per rat,,Mammal,Rat,,,,,Rat (order),free,Cryptosporidium parvum,Cryptosporidium parvum,feces,yes,no,,,46,73,,,,,,,,,,,,,,,,,,,,,
Li et al.,2020,yes,Google Scholar,"USA, Pacific Northwest",yes,North America,"PCR (nested 18S rRNA) direct immunofluorescence assay, immunomagnetic separation",Conventional,spike blank with 100 oocysts low recovery 2.2-31.5%,NA,,1-0.1 g,,Mammal,,,,Red tree vole,Arborimus longicaudus,,free,Cryptosporidium,Cryptosporidium,feces,yes,no,,,ND,1,,,,,,,,,,,,,,,,,,,,,
Siembieda et al.,2011,yes,Google Scholar,"USA, California, San Francisco Bay",yes,North America,"direct immunofluorescence assay, immunomagnetic separation",Immunologic,NA,NA,,<5 g,,Bird,,,,Red-tailed hawk,,,free,Cryptosporidium spp,Cryptosporidium,feces,yes,no,,,ND,5,,,,,,,,,,,,Data had to be compiled from all over the place in the article,response to oil spill,,,,,,,,
Feng et al.,2007,yes,Google Scholar,"USA, New York, New York City/Catskill Couty/Deleware Couty/Croton County",yes,North America,"PCR (SSU rRNA gene 830, SspI and VspI)",Molecular,NA,NA,,0.2 ml,,Bird,,,,Ring-billed gull,Larus delawarensis ,,free,Cryptosporidium,Cryptosporidium,"feces, intestines content, live, hunted and dead animals.",yes,no,,,ND,8,,,,,,,,,,,,,,,,,,,,,
Feng et al.,2007,yes,Google Scholar,"USA, New York, New York City/Catskill Couty/Deleware Couty/Croton County",yes,North America,"PCR (SSU rRNA gene 830, SspI and VspI)",Molecular,NA,NA,,0.2 ml,,Mammal,,,,River otter,Lontra canadensis ,,free,Cryptosporidium,Cryptosporidium,"feces, intestines content, live, hunted and dead animals.",yes,no,,,1,8,,,,,,,,,,,,,,,,,,,,,
Feng et al.,2007,yes,Google Scholar,"USA, New York, New York City/Catskill Couty/Deleware Couty/Croton County",yes,North America,"PCR (SSU rRNA gene 830, SspI and VspI)",Molecular,NA,NA,,0.2 ml,,Mammal,,,,River otter,Lontra canadensis ,,free,Cryptosporidium W13,Cryptosporidium (genotype),"feces, intestines content, live, hunted and dead animals.",yes,no,,,1,8,,,,,,,,,,,,,,,,,,,,,
Li et al.,2020,yes,Google Scholar,"USA, Pacific Northwest",yes,North America,"PCR (nested 18S rRNA) direct immunofluorescence assay, immunomagnetic separation",Conventional,spike blank with 100 oocysts low recovery 2.2-31.5%,NA,,1-0.1 g,,Mammal,,,,River otter,Lontra canadensis,,free,Cryptosporidium,Cryptosporidium,feces,yes,no,,,1,19,,,,,,,,,,,,,,,,,,,,,
Kilonzo et al.,2013,yes,Web of Science,"USA, Central Coast, CA",yes,North America,"Microscope, immunofluorescence antibody",Conventional,NA,NA,,0.025-0.1g/rodent,,Mammal,Rodent,,,,,Rodent (undefined),free,Cryptosporidium,Cryptosporidium,feces,yes,no,,,2,8,,,,,,,,,,,,,,,,,,,,,
Siembieda et al.,2011,yes,Google Scholar,"USA, California, San Francisco Bay",yes,North America,"direct immunofluorescence assay, immunomagnetic separation",Immunologic,NA,NA,,<5 g,,Bird,,,,Ruddy duck,Oxyurajamaicensis,,free,Cryptosporidium spp,Cryptosporidium,feces,yes,no,,,ND,5,,,,,,,,,,,,Data had to be compiled from all over the place in the article,response to oil spill,,,,,,,,
Feng et al.,2007,yes,Google Scholar,"USA, New York, New York City/Catskill Couty/Deleware Couty/Croton County",yes,North America,"PCR (SSU rRNA gene 830, SspI and VspI)",Molecular,NA,NA,,0.2 ml,,Mammal,,,,Short-tailed shrew,Blarina brevicauda,,free,Cryptosporidium,Cryptosporidium,"feces, intestines content, live, hunted and dead animals.",yes,no,,,2,5,,,,,,,,,,,,,,,,,,,,,
Feng et al.,2007,yes,Google Scholar,"USA, New York, New York City/Catskill Couty/Deleware Couty/Croton County",yes,North America,"PCR (SSU rRNA gene 830, SspI and VspI)",Molecular,NA,NA,,0.2 ml,,Mammal,,,,Short-tailed shrew,Blarina brevicauda,,free,Cryptosporidium W2,Cryptosporidium (genotype),"feces, intestines content, live, hunted and dead animals.",yes,no,,,2,5,,,,,,,,,,,,,,,,,,,,,
Heitman et al.,2002,yes,review,"Canada, North Saskatchewan River Basin in Alberta",no,North America,"flotation, centrifuge, PCR KSU-1 992 bp, TSG 650?958 bp",Molecular,NA,NA,,NA,,Bird,,,,Snow goose,,,free,Cryptosporidium spp. ,Cryptosporidium,feces,yes,no,,,0,20,,,,,,,,,,,,More  information From Ferguson et al. 2009 ,,,,,,,,,
Siembieda et al.,2011,yes,Google Scholar,"USA, California, San Francisco Bay",yes,North America,"direct immunofluorescence assay, immunomagnetic separation",Immunologic,NA,NA,,<5 g,,Bird,,,,Snowy egret,,,free,Cryptosporidium spp,Cryptosporidium,feces,yes,no,,,ND,7,,,,,,,,,,,,Data had to be compiled from all over the place in the article,response to oil spill,,,,,,,,
Feng et al.,2007,yes,Google Scholar,"USA, New York, New York City/Catskill Couty/Deleware Couty/Croton County",yes,North America,"PCR (SSU rRNA gene 830, SspI and VspI)",Molecular,NA,NA,,0.2 ml,,Bird,,,,Song sparrow,Melospiza melodia ,,free,Cryptosporidium,Cryptosporidium,"feces, intestines content, live, hunted and dead animals.",yes,no,,,ND,1,,,,,,,,,,,,,,,,,,,,,
Siembieda et al.,2011,yes,Google Scholar,"USA, California, San Francisco Bay",yes,North America,"direct immunofluorescence assay, immunomagnetic separation",Immunologic,NA,NA,,<5 g,,Bird,,,,Sooty shearwater,,,free,Cryptosporidium spp,Cryptosporidium,feces,yes,no,,,ND,1,,,,,,,,,,,,Data had to be compiled from all over the place in the article,response to oil spill,,,,,,,,
Feng et al.,2007,yes,Google Scholar,"USA, New York, New York City/Catskill Couty/Deleware Couty/Croton County",yes,North America,"PCR (SSU rRNA gene 830, SspI and VspI)",Molecular,NA,NA,,0.2 ml,,Mammal,,,,Southern flying squirrel,Glaucomys volans ,,free,Cryptosporidium,Cryptosporidium,"feces, intestines content, live, hunted and dead animals.",yes,no,,,ND,1,,,,,,,,,,,,,,,,,,,,,
Feng et al.,2007,yes,Google Scholar,"USA, New York, New York City/Catskill Couty/Deleware Couty/Croton County",yes,North America,"PCR (SSU rRNA gene 830, SspI and VspI)",Molecular,NA,NA,,0.2 ml,,Mammal,,,,Southern red-backed vole,Myodes gapperi,,free,Cryptosporidium,Cryptosporidium,"feces, intestines content, live, hunted and dead animals.",yes,no,,,4,5,,,,,,,,,,,,,,,,,,,,,
Feng et al.,2007,yes,Google Scholar,"USA, New York, New York City/Catskill Couty/Deleware Couty/Croton County",yes,North America,"PCR (SSU rRNA gene 830, SspI and VspI)",Molecular,NA,NA,,0.2 ml,,Mammal,,,,Southern red-backed vole,Myodes gapperi,,free,Cryptosporidium W7,Cryptosporidium (genotype),"feces, intestines content, live, hunted and dead animals.",yes,no,,,4,5,,,,,,,,,,,,,,,,,,,,,
Heitman et al.,2002,yes,review,"Canada, North Saskatchewan River Basin in Alberta",no,North America,"flotation, centrifuge, PCR KSU-1 992 bp, TSG 650?958 bp",Molecular,NA,NA,,NA,,Mammal,Squirrel,,,,,Squirrel (family),free,Cryptosporidium spp. ,Cryptosporidium,feces,yes,no,,,0,15,0,,,,,,,,,,,More  information From Ferguson et al. 2009 ,,,,,,,,,
Kilonzo et al.,2013,yes,Web of Science,"USA, Central Coast, CA",yes,North America,"Microscope, immunofluorescence antibody",Conventional,NA,NA,,0.025-0.1g/rodent,,Mammal,Squirrel,,,,Sciuridae (including Spermophilus beecheyi),Squirrel (family),free,Cryptosporidium,Cryptosporidium,feces,yes,no,,,1,2,,,,,,,,,,,,,,,,,,,,,
Feng et al.,2007,yes,Google Scholar,"USA, New York, New York City/Catskill Couty/Deleware Couty/Croton County",yes,North America,"PCR (SSU rRNA gene 830, SspI and VspI)",Molecular,NA,NA,,0.2 ml,,Mammal,,,,Striped skunk,Mephitis mephitis ,,free,Cryptosporidium,Cryptosporidium,"feces, intestines content, live, hunted and dead animals.",yes,no,,,ND,2,,,,,,,,,,,,,,,,,,,,,
Siembieda et al.,2011,yes,Google Scholar,"USA, California, San Francisco Bay",yes,North America,"direct immunofluorescence assay, immunomagnetic separation",Immunologic,NA,NA,,<5 g,,Bird,,,,Surf scoter,,,free,Cryptosporidium spp,Cryptosporidium,feces,yes,no,,,ND,8,,,,,,,,,,,,Data had to be compiled from all over the place in the article,response to oil spill,,,,,,,,
Cox et al.,2005,yes,Web of Science,"Australia, Sydney Watershed",no,Western Pacific,immunomagnetic separation with microscope count,Conventional,15,NA,oocyst/g,0.5g,,Mammal,,,,Swamp wallaby,Wallabia bicolor,,free,Cryptosporidium,Cryptosporidium,feces,yes,no,StatsTotal,yes,0,10,,,,,,<15,<15,<15,,,oocysts/g wet weight,32-87%,MDL based on lowest recovery,,,,,,,,
Li et al.,2020,yes,Google Scholar,"USA, Pacific Northwest",yes,North America,"PCR (nested 18S rRNA) direct immunofluorescence assay, immunomagnetic separation",Conventional,spike blank with 100 oocysts low recovery 2.2-31.5%,NA,,1-0.1 g,,Mammal,,,,Townsend's chipmunk,Neotamias townsendii,,free,Cryptosporidium,Cryptosporidium,feces,yes,no,,,1,42,,,,,,,,,,,,,,,,,,,,,
Li et al.,2020,yes,Google Scholar,"USA, Pacific Northwest",yes,North America,"PCR (nested 18S rRNA) direct immunofluorescence assay, immunomagnetic separation",Conventional,spike blank with 100 oocysts low recovery 2.2-31.5%,NA,,1-0.1 g,,Bird,,,,Townsend's vole,Microtus townsendii,,free,Cryptosporidium,Cryptosporidium,feces,yes,no,,,ND,1,,,,,,,,,,,,,,,,,,,,,
Li et al.,2020,yes,Google Scholar,"USA, Pacific Northwest",yes,North America,"PCR (nested 18S rRNA) direct immunofluorescence assay, immunomagnetic separation",Conventional,spike blank with 100 oocysts low recovery 2.2-31.5%,NA,,1-0.1 g,,Mammal,,,,Trowbridge's shrew,Sorex trowbridgii,,free,Cryptosporidium,Cryptosporidium,feces,yes,no,,,ND,7,,,,,,,,,,,,,,,,,,,,,
Medema,1999,thesis,review,Netherlands,no,Europe,Microscope,Conventional,1,NA,oocyst/g,1 g,,Bird,,,,Tufted duck,Aythya fuligula,,free,Cryptosporidium spp. ,Cryptosporidium,feces pooled,yes ,yes,StatsTotal,no,1,18,0.060102376,,2.9,,,,,,,,cyst/g (infected animal),"percent is the number of percent of positive animals, there is also data for positive pooled samples.",18 individual 5 composite samples,,,,,,,,
Siembieda et al.,2011,yes,Google Scholar,"USA, California, San Francisco Bay",yes,North America,"direct immunofluorescence assay, immunomagnetic separation",Immunologic,NA,NA,,<5 g,,Bird,,,,Turkey vulture,,,free,Cryptosporidium spp,Cryptosporidium,feces,yes,no,,,ND,3,,,,,,,,,,,,Data had to be compiled from all over the place in the article,response to oil spill,,,,,,,,
Li et al.,2020,yes,Google Scholar,"USA, Pacific Northwest",yes,North America,"PCR (nested 18S rRNA) direct immunofluorescence assay, immunomagnetic separation",Conventional,spike blank with 100 oocysts low recovery 2.2-31.5%,NA,,1-0.1 g,,Mammal,,,,Vagrant shrew,Sorex vagrans,,free,Cryptosporidium,Cryptosporidium,feces,yes,no,,,ND,1,,,,,,,,,,,,,,,,,,,,,
Feng et al.,2007,yes,Google Scholar,"USA, New York, New York City/Catskill Couty/Deleware Couty/Croton County",yes,North America,"PCR (SSU rRNA gene 830, SspI and VspI)",Molecular,NA,NA,,0.2 ml,,Mammal,,,,Virginia opossum,Didelphis virginiana,,free,Cryptosporidium,Cryptosporidium,"feces, intestines content, live, hunted and dead animals.",yes,no,,,1,9,,,,,,,,,,,,,,,,,,,,,
Feng et al.,2007,yes,Google Scholar,"USA, New York, New York City/Catskill Couty/Deleware Couty/Croton County",yes,North America,"PCR (SSU rRNA gene 830, SspI and VspI)",Molecular,NA,NA,,0.2 ml,,Mammal,,,,Virginia opossum,Didelphis virginiana,,free,Cryptosporidium W13,Cryptosporidium (genotype),"feces, intestines content, live, hunted and dead animals.",yes,no,,,1,9,,,,,,,,,,,,,,,,,,,,,
Siembieda et al.,2011,yes,Google Scholar,"USA, California, San Francisco Bay",yes,North America,"direct immunofluorescence assay, immunomagnetic separation",Immunologic,NA,NA,,<5 g,,Mammal,,,,Virginia opossum,,,free,Cryptosporidium spp,Cryptosporidium,feces,yes,no,,,ND,12,,,,,,,,,,,,Data had to be compiled from all over the place in the article,response to oil spill,,,,,,,,
Oates et al. ,2012,yes,Web of Science,"USA, Monteray Bay, California",yes,North America,"Microscope (Direct immunofluorescent antibody microscopy), separate, centrifuge, PCR (18SiF, 18SiR, 298 bp, eF, eR, 1,325 bp)",Conventional,NA,NA,,5g,,Mammal,,,,Virginia opossum,Didelphis virginiana,,free,Cryptosporidium,Cryptosporidium,feces,no,yes,StatsTotal,no,17,68,0.25,,789.2,,,,,,,,,,,,,,,,,,
Siembieda et al.,2011,yes,Google Scholar,"USA, California, San Francisco Bay",yes,North America,"direct immunofluorescence assay, immunomagnetic separation",Immunologic,NA,NA,,<5 g,,Bird,,,,Virginia rail,,,free,Cryptosporidium spp,Cryptosporidium,feces,yes,no,,,ND,1,,,,,,,,,,,,Data had to be compiled from all over the place in the article,response to oil spill,,,,,,,,
Siembieda et al.,2011,yes,Google Scholar,"USA, California, San Francisco Bay",yes,North America,"direct immunofluorescence assay, immunomagnetic separation",Immunologic,NA,NA,,<5 g,,Bird,,,,Western grebe,,,free,Cryptosporidium spp,Cryptosporidium,feces,yes,no,,,ND,11,,,,,,,,,,,,Data had to be compiled from all over the place in the article,response to oil spill,,,,,,,,
Siembieda et al.,2011,yes,Google Scholar,"USA, California, San Francisco Bay",yes,North America,"direct immunofluorescence assay, immunomagnetic separation",Immunologic,NA,NA,,<5 g,,Bird,,,,Western gull,,,free,Cryptosporidium spp,Cryptosporidium,feces,yes,no,,,ND,7,,,,,,,,,,,,Data had to be compiled from all over the place in the article,response to oil spill,,,,,,,,
Siembieda et al.,2011,yes,Google Scholar,"USA, California, San Francisco Bay",yes,North America,"direct immunofluorescence assay, immunomagnetic separation",Immunologic,NA,NA,,<5 g,,Bird,,,,Western screech owl,,,free,Cryptosporidium spp,Cryptosporidium,feces,yes,no,,,ND,3,,,,,,,,,,,,Data had to be compiled from all over the place in the article,response to oil spill,,,,,,,,
Siembieda et al.,2011,yes,Google Scholar,"USA, California, San Francisco Bay",yes,North America,"direct immunofluorescence assay, immunomagnetic separation",Immunologic,NA,NA,,<5 g,,Bird,,,,Western scrub jay,,,free,Cryptosporidium spp,Cryptosporidium,feces,yes,no,,,ND,12,,,,,,,,,,,,Data had to be compiled from all over the place in the article,response to oil spill,,,,,,,,
Li et al.,2020,yes,Google Scholar,"USA, Pacific Northwest",yes,North America,"PCR (nested 18S rRNA) direct immunofluorescence assay, immunomagnetic separation",Conventional,spike blank with 100 oocysts low recovery 2.2-31.5%,NA,,1-0.1 g,,Mammal,,,,Western spotted skunk,Spilogale gracilis,,free,Cryptosporidium,Cryptosporidium,feces,yes,no,,,1,2,,,,,,,,,,,,,,,,,,,,,
Lohmus et al.,2013,yes,Google Scholar,"Sweden, Uppsala, rural dwellings",no,Europe,"immunofluorescence microscopy, Standard Method (methods Sweden National Veterinary Institute)",Conventional,NA,NA,,1 g,,Mammal,,,,Wood mouse,Apodemus sylvaticus,,free,Cryptosporidium sp.,Cryptosporidium,intestines content,yes,no,,,1,9,,,,,,,,,,,,,,,,,,,,,
Feng et al.,2007,yes,Google Scholar,"USA, New York, New York City/Catskill Couty/Deleware Couty/Croton County",yes,North America,"PCR (SSU rRNA gene 830, SspI and VspI)",Molecular,NA,NA,,0.2 ml,,Mammal,,,,Woodland jumping mouse,Napaeozapus insignis ,,free,Cryptosporidium,Cryptosporidium,"feces, intestines content, live, hunted and dead animals.",yes,no,,,ND,1,,,,,,,,,,,,,,,,,,,,,
Ebani et al.,2021,yes,Web of Science,"Italy, Central Italy",no,Europe,"PCR (outcryF/outcry R 1326 bp, incryF/incryR 826-864 bp)",Molecular,NA,NA,,25 mg,,Bird,,,,Yellow legged gull,Larus michahellis,,free,Cryptosporidium spp. ,Cryptosporidium,feces,yes,no,,,0,35,,,,,,,,,,,,,,,,,,,,,
Montecino-Latorre et al.,2015,yes,Google Scholar,"USA, California, Sierra Neveada Mountains",yes,North America,"Microscope, direct immunofluorescence, centrifuge.",Conventional,NA,NA,,1.6 g,,Mammal,,,,Yellow-bellied marmot,Marmota flaviventris,,free,Cryptosporidium ,Cryptosporidium,feces,yes,no,,,33,224,0.15,,,,,,,,,,,,,,,,,,,,
Montecino-Latorre et al.,2015,yes,Google Scholar,"USA, California, Sierra Neveada Mountains",yes,North America,"Microscope, direct immunofluorescence, centrifuge.",Conventional,NA,NA,,1.6 g,,Mammal,,,,Yellow-bellied marmot,Marmota flaviventris,,free,Cryptosporidium ,Cryptosporidium,feces,yes,no,,,1,33,,,,,,,,,,,8 oocyst/smear,,,,,,,,,,
Montecino-Latorre et al.,2015,yes,Google Scholar,"USA, California, Sierra Neveada Mountains",yes,North America,"Microscope, direct immunofluorescence, centrifuge.",Conventional,NA,NA,,1.6 g,,Mammal,,,,Yellow-bellied marmot,Marmota flaviventris,,free,Cryptosporidium ,Cryptosporidium,feces,yes,no,,,1,33,,,,,,,,,,,26 oocyst/smear,,,,,,,,,,
Montecino-Latorre et al.,2015,yes,Google Scholar,"USA, California, Sierra Neveada Mountains",yes,North America,"Microscope, direct immunofluorescence, centrifuge.",Conventional,NA,NA,,1.6 g,,Mammal,,,,Yellow-bellied marmot,Marmota flaviventris,,free,Cryptosporidium ,Cryptosporidium,feces,yes,no,,,1,33,,,,,,,,,,,35 oocyst/smear,,,,,,,,,,
Montecino-Latorre et al.,2015,yes,Google Scholar,"USA, California, Sierra Neveada Mountains",yes,North America,"Microscope, direct immunofluorescence, centrifuge.",Conventional,NA,NA,,1.6 g,,Mammal,,,,Yellow-bellied marmot,Marmota flaviventris,,free,Cryptosporidium ,Cryptosporidium,feces,yes,no,,,2,33,,,,,,,,,,,4 oocyst/smear,,,,,,,,,,
Montecino-Latorre et al.,2015,yes,Google Scholar,"USA, California, Sierra Neveada Mountains",yes,North America,"Microscope, direct immunofluorescence, centrifuge.",Conventional,NA,NA,,1.6 g,,Mammal,,,,Yellow-bellied marmot,Marmota flaviventris,,free,Cryptosporidium ,Cryptosporidium,feces,yes,no,,,6,33,,,,,,,,,,,2 oocyst/smear,,,,,,,,,,
Montecino-Latorre et al.,2015,yes,Google Scholar,"USA, California, Sierra Neveada Mountains",yes,North America,"Microscope, direct immunofluorescence, centrifuge.",Conventional,NA,NA,,1.6 g,,Mammal,,,,Yellow-bellied marmot,Marmota flaviventris,,free,Cryptosporidium ,Cryptosporidium,feces,yes,no,,,22,33,,,,,,,,,,,1 oocyst/smear,Also has data on different sites.,,,,,,,,,
Montecino-Latorre et al.,2015,yes,Google Scholar,"USA, California, Sierra Neveada Mountains",yes,North America,"Microscope, direct immunofluorescence, centrifuge.",Conventional,NA,NA,,1.6 g,,Mammal,,,,Yellow-bellied marmot,Marmota flaviventris,,free,Cryptosporidium ,Cryptosporidium,feces,no,yes,StatsTotal,no,33,224,,,535,,,129,35,1646,204,865,oocyst/gram feces,mean from wet weight feces,,,,,,,,,
Lohmus et al.,2013,yes,Google Scholar,"Sweden, Uppsala, rural dwellings",no,Europe,"immunofluorescence microscopy, Standard Method (methods Sweden National Veterinary Institute)",Conventional,NA,NA,,1 g,,Mammal,,,,Yellow-necked mouse,Apodemus flavicollis,,free,Cryptosporidium sp.,Cryptosporidium,intestines content,yes,no,,,3,80,,,,,,,,,,,,,,,,,,,,,
